FID,OBJECTID,AncillaryR,Enabled,Subtype,FacilityID,InstallDat,Rotation,LifecycleS,WaterType,PlanNum,Owner,CatchArea,Comments,AccessDiam,AccessMate,AccesType,Station,RimElevati,FieldBook,Invert,x,y
1,38,0,1,1, ,11/14/1939 12:00:00 AM,0,Proposed,Storm,PF-62,Somerv, ,PROPOSED CB,0,Unk,Unk,9999,9999, ,9999,-71.1332788426083,42.4045640502173
2,39,0,1,1, ,11/14/1939 12:00:00 AM,0,Proposed,Storm,PF-62,Somerv, ,PROPOSED CB,0,Unk,Unk,9999,9999, ,9999,-71.1332131879013,42.4045233498026
3,40,0,1,1, ,11/14/1939 12:00:00 AM,0,Proposed,Storm,PF-62,Somerv, ,PROPOSED CB,9999,Unk,Unk,9999,9999, ,9999,-71.1328402681612,42.4049544914863
4,42,0,1,1, ,11/14/1939 12:00:00 AM,0,Proposed,Storm,PF-62,Somerv, ,PROPOSED CB,0,Unk,Unk,9999,9999, ,9999,-71.1323572453778,42.4053864710131
5,43,0,1,1, ,11/14/1939 12:00:00 AM,0,Proposed,Storm,PF-62,Somerv, ,PROPOSED CB,0,Unk,Unk,9999,9999, ,9999,-71.1322915921217,42.4053469608151
6,44,0,1,1, ,11/14/1939 12:00:00 AM,0,Active,Storm,PF-61,Somerv, , ,0,Unk,Unk,9999,9999, ,9999,-71.1331201367769,42.4038048833407
7,45,0,1,1, ,12/1/1939 12:00:00 AM,0,Active,Storm,PF-20,Somerv, ,PLAN STATES: ""EX. C.B. REBUILD"",0,Unk,Unk,9999,9999, ,9999,-71.1298344725318,42.4078772383132
8,46,0,1,1, ,12/1/1939 12:00:00 AM,0,Active,Storm,PF-20,Somerv, ,PLAN STATES: ""EX. C.B. REBUILD"",0,Unk,Unk,9999,9999, ,9999,-71.1298556547646,42.4078830232127
9,47,0,1,1, ,12/1/1939 12:00:00 AM,0,Active,Storm,PF-20,Somerv, ,PLAN STATES: ""EX. C.B. REBUILD"",0,Unk,Unk,9999,9999, ,9999,-71.1298787884605,42.4078845252002
10,48,0,1,1, ,12/1/1939 12:00:00 AM,0,Active,Storm,PF-20,Somerv, ,EXISTING CB,0,Unk,Unk,9999,9999, ,9999,-71.130243770682,42.4072513728351
11,49,0,1,1, ,12/1/1939 12:00:00 AM,0,Active,Storm,PF-20,Somerv, ,EXISTING CB,0,Unk,Unk,9999,9999, ,9999,-71.1303926590463,42.4072947300898
12,50,0,1,1, ,12/1/1939 12:00:00 AM,0,Active,Storm,PF-20,Somerv, ,EXISTING CB,0,Unk,Unk,9999,9999, ,9999,-71.1301671212274,42.4073873753787
13,51,0,1,1, ,1/1/1927 12:00:00 AM,0,Active,Storm,MM-10,Somerv, ,ASSUMED FROM PLAN TO BE CATCH BASIN - MAY BE OWNED BY B&L R.R. - PLANS GIVE NO PROFILE OR DATA ON STRUCTURES,0,Unk,Unk,9999,9999, ,9999,-71.1066039625126,42.3944866601076
14,52,0,1,1, ,1/1/1927 12:00:00 AM,0,Active,Storm,MM-10,Somerv, ,ASSUMED FROM PLAN TO BE CATCH BASIN - MAY BE OWNED BY B&L R.R. - PLANS GIVE NO PROFILE OR DATA ON STRUCTURES,0,Unk,Unk,9999,9999, ,9999,-71.1063744953924,42.3941800296611
15,53,0,1,1, ,1/1/1927 12:00:00 AM,0,Active,Storm,MM-10,Somerv, ,ASSUMED FROM PLAN TO BE CATCH BASIN - MAY BE OWNED BY B&L R.R. - PLANS GIVE NO PROFILE OR DATA ON STRUCTURES,0,Unk,Unk,9999,9999, ,9999,-71.1068526371934,42.3948062232968
16,54,0,1,1, ,1/1/1927 12:00:00 AM,0,Active,Storm,MM-9,Somerv, ,ASSUMED FROM PLAN TO BE CATCH BASIN - MAY BE OWNED BY B&L R.R. - PLANS GIVE NO PROFILE OR DATA ON STRUCTURES,0,Unk,Unk,3094,9999, ,9999,-71.1051741452916,42.3924966108831
17,55,0,1,1, ,1/1/1927 12:00:00 AM,0,Active,Storm,MM-9,Somerv, ,ASSUMED FROM PLAN TO BE CATCH BASIN - MAY BE OWNED BY B&L R.R. - PLANS GIVE NO PROFILE OR DATA ON STRUCTURES,0,Unk,Unk,3094,9999, ,9999,-71.1052786381349,42.3924369397122
18,57,0,1,1, ,1/1/1927 12:00:00 AM,0,Active,Storm,MM-9,Somerv, ,ASSUMED FROM PLAN TO BE CATCH BASIN - MAY BE OWNED BY B&L R.R. - PLANS GIVE NO PROFILE OR DATA ON STRUCTURES,0,Unk,Unk,3094,9999, ,9999,-71.1053715761084,42.3923743736176
19,59,0,1,1, ,1/1/1928 12:00:00 AM,0,Active,Storm,MM-8,Somerv, ,ASSUMED FROM PLAN TO BE CATCH BASIN - MAY BE OWNED BY B&L R.R. - PLANS GIVE NO PROFILE OR DATA ON STRUCTURES,0,Unk,Unk,9999,9999, ,9999,-71.1019241068218,42.3906558492909
20,83,0,1,1, ,4/15/1898 12:00:00 AM,0,Active,Storm,BB-10,Somerv, , ,0,Unk,Unk,9999,9999, ,9999,-71.092640200296,42.391200344876
21,84,0,1,1, ,4/15/1898 12:00:00 AM,0,Active,Storm,BB-10,Somerv, ,ATTACHED TO STORM DRAIN,0,Unk,Unk,9999,9999, ,9999,-71.0925809000224,42.3911272503827
22,85,0,1,1, ,4/15/1898 12:00:00 AM,0,Active,Storm,"BB-10,BB-11",Somerv, , ,0,Unk,Unk,9999,9999, ,9999,-71.0937874592516,42.3911872502537
23,86,0,1,1, ,4/28/1898 12:00:00 AM,0,Active,Storm,BB-11,Somerv, , ,0,Unk,Unk,9999,9999, ,9999,-71.0948951291469,42.3895795841402
24,87,0,1,1, ,4/28/1898 12:00:00 AM,0,Active,Storm,BB-11,Somerv, , ,0,Unk,Unk,9999,9999, ,9999,-71.0948062254893,42.3895385428132
25,88,0,1,1, ,4/28/1898 12:00:00 AM,0,Active,Storm,BB-12,Somerv, , ,0,Unk,Unk,9999,9999, ,9999,-71.0952267847981,42.3888958092606
26,89,0,1,1, ,4/28/1898 12:00:00 AM,0,Active,Storm,BB-12,Somerv, , ,0,Unk,Unk,9999,9999, ,9999,-71.0953032694245,42.3889193040519
27,90,0,1,1, ,4/28/1898 12:00:00 AM,0,Active,Storm,BB-12,Somerv, , ,0,Unk,Unk,9999,9999, ,9999,-71.0956027742864,42.3880614073876
28,91,0,1,1, ,4/28/1898 12:00:00 AM,0,Active,Storm,BB-11,Somerv, , ,0,Unk,Unk,9999,9999, ,9999,-71.0941368872468,42.3907906623756
29,176,0,1,1, ,9/9/9999 12:00:00 AM,0,Active,Storm,NA,Somerv, ,28x28 GRATE,9999,Unk,Unk,9999,9999,258_241,9999,-71.1299497049323,42.4079297256338
30,177,0,1,1, ,9/9/9999 12:00:00 AM,0,Active,Storm,NA,Somerv, , ,9999,Unk,Unk,9999,9999,258_241,9999,-71.1299427323225,42.4079402853357
31,183,0,1,1, ,1/1/1980 12:00:00 AM,0,Proposed,Storm,TB-001,Somerv, , ,9999,Unk,Unk,9999,9999, ,9999,-71.1280864262136,42.4038040784683
32,184,0,1,1, ,1/1/1980 12:00:00 AM,0,Proposed,Storm,TB-001,Somerv, , ,9999,Unk,Unk,9999,9999, ,9999,-71.1280315748392,42.4037454530134
33,185,0,1,1, ,1/1/1980 12:00:00 AM,0,Proposed,Storm,TB-001,Somerv, , ,9999,Unk,Unk,9999,70.95, ,67.5,-71.1272389692988,42.4034303283993
34,186,0,1,1, ,9/9/9999 12:00:00 AM,0,Active,Storm,TB-001,Somerv, , ,9999,Unk,Unk,9999,70.75, ,66.5,-71.1271528368527,42.4033929639173
35,187,0,1,1, ,1/1/1980 12:00:00 AM,0,Active,Storm,TB-001,Somerv, , ,9999,Unk,Unk,9999,9999, ,9999,-71.1273002616411,42.4033911111785
36,188,0,1,1, ,1/1/1980 12:00:00 AM,0,Proposed,Storm,TB-001,Somerv, , ,9999,Unk,Unk,9999,9999, ,9999,-71.1271441123633,42.403056170311
37,189,0,1,1, ,1/1/1980 12:00:00 AM,0,Proposed,Storm,TB-001,Somerv, , ,9999,Unk,Unk,9999,63.08, ,58.83,-71.1268861331867,42.4028208820389
38,190,0,1,1, ,1/1/1980 12:00:00 AM,0,Proposed,Storm,TB-001,Somerv, , ,9999,Unk,Unk,9999,67.87, ,63.62,-71.1264152794017,42.4030326809308
39,191,0,1,1, ,1/1/1980 12:00:00 AM,0,Proposed,Storm,TB-001,Somerv, , ,9999,Unk,Unk,9999,67.96, ,63.71,-71.1264796050519,42.40306341338
40,192,0,1,1, ,1/1/1980 12:00:00 AM,0,Active,Storm,TB-001,Somerv, , ,9999,Unk,Unk,9999,9999, ,9999,-71.1265340992028,42.4030447241971
41,193,0,1,1, ,1/1/1980 12:00:00 AM,0,Proposed,Storm,TB-002,Somerv, , ,9999,Unk,Unk,9999,9999, ,9999,-71.12574656539,42.4027248107279
42,194,0,1,1, ,1/1/1980 12:00:00 AM,0,Proposed,Storm,TB-002,Somerv, , ,9999,Unk,Unk,9999,62.25, ,57.25,-71.125722731038,42.4027384010099
43,195,0,1,1, ,1/1/1980 12:00:00 AM,0,Proposed,Storm,TB-002,Somerv, , ,9999,Unk,Unk,9999,60.78, ,56.53,-71.1256452720038,42.4027055384351
44,196,0,1,1, ,1/1/1980 12:00:00 AM,0,Proposed,Storm,TB-002,Somerv, , ,9999,Unk,Unk,9999,60.9, ,56,-71.1257739273638,42.4026303902884
45,197,0,1,1, ,1/1/1980 12:00:00 AM,0,Proposed,Storm,TB-003,Somerv, , ,9999,Unk,Unk,9999,46.26, ,42.6,-71.1249868837038,42.4022934316249
46,198,0,1,1, ,9/9/9999 12:00:00 AM,0,Active,Storm,TB-003,Somerv, , ,9999,Unk,Unk,9999,9999, ,9999,-71.1249867086562,42.4024059358734
47,199,0,1,1, ,9/9/9999 12:00:00 AM,0,Active,Storm,TB-003,Somerv, , ,9999,Unk,Unk,9999,9999, ,9999,-71.124939955746,42.40244034671
48,200,0,1,1, ,1/1/1980 12:00:00 AM,0,Proposed,Storm,TB-003,Somerv, , ,9999,Unk,Unk,9999,45.2, ,40.95,-71.1248435334038,42.402361623481
49,201,0,1,1, ,1/1/1980 12:00:00 AM,0,Proposed,Storm,TB-003,Somerv, , ,9999,Unk,Unk,9999,37.15, ,32.9,-71.1242447810801,42.4020946109734
50,202,0,1,1, ,9/9/9999 12:00:00 AM,0,Active,Storm,TB-003,Somerv, , ,9999,Unk,Unk,9999,9999, ,9999,-71.1238250739857,42.4018118241465
51,203,0,1,1, ,1/1/1980 12:00:00 AM,0,Proposed,Storm,TB-004,Somerv, , ,9999,Unk,Unk,9999,30.42, ,26.17,-71.1231457382711,42.4016396472456
52,204,0,1,1, ,1/1/1980 12:00:00 AM,0,Proposed,Storm,TB-004,Somerv, , ,9999,Unk,Unk,9999,9999, ,9999,-71.1223734614081,42.4014132200023
53,205,0,1,1, ,1/1/1980 12:00:00 AM,0,Proposed,Storm,TB-004,Somerv, , ,9999,Unk,Unk,9999,9999, ,9999,-71.1221959197209,42.4013850584419
54,206,0,1,1, ,9/9/9999 12:00:00 AM,0,Active,Storm,TB-004,Somerv, , ,9999,Unk,Unk,9999,9999, ,9999,-71.1226329678153,42.4016435685732
55,207,0,1,1, ,9/9/9999 12:00:00 AM,0,Active,Storm,TB-004,Somerv, , ,9999,Unk,Unk,9999,9999, ,9999,-71.122558731852,42.4016240109649
56,209,0,1,1, ,9/9/9999 12:00:00 AM,0,Active,Storm,TB-004,Somerv, , ,9999,Unk,Unk,9999,9999, ,9999,-71.1216031405178,42.4013991922061
57,210,0,1,1, ,1/1/1980 12:00:00 AM,0,Proposed,Storm,TB-004,Somerv, , ,9999,Unk,Unk,9999,29.6, ,25.95,-71.1217572767205,42.4014211384532
58,212,0,1,1, ,9/9/9999 12:00:00 AM,0,Active,Storm,TB-004,Somerv, , ,9999,Unk,Unk,9999,9999, ,9999,-71.1221039020375,42.4015008845957
59,213,0,1,1, ,1/1/1980 12:00:00 AM,0,Proposed,Storm,TB-004,Somerv, , ,9999,Unk,Unk,9999,9999, ,24.55,-71.1216083701476,42.4011705378492
60,214,0,1,1, ,1/1/1980 12:00:00 AM,0,Proposed,Storm,TB-004,Somerv, , ,9999,Unk,Unk,9999,9999, ,27.5,-71.1215003682727,42.4011730442923
61,215,0,1,1, ,9/9/9999 12:00:00 AM,0,Active,Storm,TB-004,Somerv, , ,9999,Unk,Unk,9999,9999, ,9999,-71.121451974702,42.4012043242609
62,216,0,1,1, ,9/9/9999 12:00:00 AM,0,Active,Storm,TB-004,Somerv, , ,9999,Unk,Unk,9999,9999, ,9999,-71.1215512207198,42.4016977284822
63,217,0,1,1, ,9/9/9999 12:00:00 AM,0,Active,Storm,TB-004,Somerv, , ,9999,Unk,Unk,9999,9999, ,9999,-71.121445332395,42.40166879629
64,218,0,1,1, ,1/1/1980 12:00:00 AM,0,Proposed,Storm,TB-005,Somerv, , ,9999,Unk,Unk,9999,35.7, ,31.45,-71.1208618231694,42.4010167683755
65,219,0,1,1, ,1/1/1980 12:00:00 AM,0,Proposed,Storm,TB-005,Somerv, , ,9999,Unk,Unk,9999,36.4, ,32.15,-71.1207665901519,42.4009800092661
66,220,0,1,1, ,9/9/9999 12:00:00 AM,0,Active,Storm,TB-005,Somerv, , ,9999,Unk,Unk,9999,9999, ,9999,-71.120670977772,42.4010064920109
67,221,0,1,1, ,9/9/9999 12:00:00 AM,0,Active,Storm,TB-005,Somerv, , ,9999,Unk,Unk,9999,9999, ,9999,-71.1206483994986,42.4011532680155
68,222,0,1,1, ,9/9/9999 12:00:00 AM,0,Active,Storm,TB-005,Somerv, , ,9999,Unk,Unk,9999,9999, ,9999,-71.1198982815809,42.4008324388586
69,223,0,1,1, ,1/1/1980 12:00:00 AM,0,Proposed,Storm,TB-005,Somerv, , ,9999,Unk,Unk,9999,36.75, ,32.5,-71.1198251446008,42.4009694002347
70,224,0,1,1, ,9/9/9999 12:00:00 AM,0,Active,Storm,TB-006,Somerv, , ,9999,Unk,Unk,9999,9999, ,9999,-71.1190118291837,42.4007336730125
71,225,0,1,1, ,1/1/1980 12:00:00 AM,0,Proposed,Storm,TB-006,Somerv, , ,9999,Unk,Unk,9999,38.8, ,34.55,-71.1188866782524,42.4008772922976
72,226,0,1,1, ,1/1/1980 12:00:00 AM,0,Proposed,Storm,TB-006,Somerv, , ,9999,Unk,Unk,9999,39.84, ,35.59,-71.1176525814426,42.4009217691754
73,227,0,1,1, ,1/1/1980 12:00:00 AM,0,Proposed,Storm,TB-006,Somerv, , ,9999,Unk,Unk,9999,40.06, ,35.81,-71.1175179025988,42.4007722625789
74,228,0,1,1, ,9/9/9999 12:00:00 AM,0,Active,Storm,TB-007,Somerv, , ,9999,Unk,Unk,9999,9999, ,9999,-71.1169398226267,42.4007033452426
75,229,0,1,1, ,9/9/9999 12:00:00 AM,0,Active,Storm,TB-007,Somerv, , ,9999,Unk,Unk,9999,9999, ,9999,-71.117247330038,42.4006742223848
76,619,0,1,1, ,9/9/9999 12:00:00 AM,0,Proposed,Storm,TB-036,Somerv, , ,9999,Unk,Unk,9999,9999, ,9999,-71.1231869965802,42.3964741460397
77,620,0,1,1, ,9/9/9999 12:00:00 AM,0,Active,Storm,TB-036,Somerv, , ,9999,Unk,Unk,9999,9999, ,9999,-71.1236333580619,42.3963963782616
78,230,0,1,1, ,9/9/9999 12:00:00 AM,0,Active,Storm,TB-007,Somerv, , ,9999,Unk,Unk,9999,9999, ,9999,-71.1167696185393,42.4008233689496
79,231,0,1,1, ,9/9/9999 12:00:00 AM,0,Active,Storm,TB-007,Somerv, , ,9999,Unk,Unk,9999,9999, ,9999,-71.1165498002514,42.4009248027786
80,232,0,1,1, ,9/9/9999 12:00:00 AM,0,Active,Storm,TB-007,Somerv, , ,9999,Unk,Unk,9999,9999, ,9999,-71.1169333060432,42.4010332713627
81,233,0,1,1, ,9/9/9999 12:00:00 AM,0,Active,Storm,TB-007,Somerv, , ,9999,Unk,Unk,9999,9999, ,9999,-71.1167962328,42.4012790147181
82,234,0,1,1, ,9/9/9999 12:00:00 AM,0,Active,Storm,TB-007,Somerv, , ,9999,Unk,Unk,9999,9999, ,9999,-71.1161573886287,42.4011680170775
83,235,0,1,1, ,9/9/9999 12:00:00 AM,0,Active,Storm,TB-007,Somerv, , ,9999,Unk,Unk,9999,9999, ,9999,-71.1165260163105,42.4011206756531
84,236,0,1,1, ,9/9/9999 12:00:00 AM,0,Active,Storm,TB-008,Somerv, , ,9999,Unk,Unk,9999,9999, ,9999,-71.1152124825679,42.4008499964335
85,237,0,1,1, ,1/1/1980 12:00:00 AM,0,Proposed,Storm,TB-008,Somerv, , ,9999,Unk,Unk,9999,48.8, ,44.55,-71.1150208029197,42.4007840380077
86,238,0,1,1, ,1/1/1980 12:00:00 AM,0,Proposed,Storm,TB-008,Somerv, , ,9999,Unk,Unk,9999,46.25, ,39,-71.1144727548077,42.4006080172826
87,239,0,1,1, ,1/1/1980 12:00:00 AM,0,Proposed,Storm,TB-008,Somerv, , ,9999,Unk,Unk,9999,45, ,40.75,-71.1141851682421,42.4007058714374
88,241,0,1,1, ,1/1/1980 12:00:00 AM,0,Proposed,Storm,TB-008,Somerv, , ,9999,Unk,Unk,9999,44.15, ,39.9,-71.1140424805953,42.4007589823175
89,242,0,1,1, ,9/9/9999 12:00:00 AM,0,Active,Storm,TB-008,Somerv, , ,9999,Unk,Unk,9999,9999, ,9999,-71.113660985862,42.4003239238604
90,243,0,1,1, ,9/9/9999 12:00:00 AM,0,Active,Storm,TB-008,Somerv, , ,9999,Unk,Unk,9999,9999, ,9999,-71.1142969104468,42.4005404334217
91,245,0,1,1, ,9/1/1977 12:00:00 AM,0,Active,Storm,TB-009,Somerv, ,DRAIN STRUCTURE; RIM MH 50.02,9999,Unk,Unk,9999,49.46, ,47.17,-71.1177103394845,42.3971939398587
92,246,0,1,1, ,9/9/9999 12:00:00 AM,0,Active,Storm,TB-009,Somerv, , ,9999,Unk,Unk,9999,9999, ,9999,-71.1175469339342,42.3972184855107
93,247,0,1,1, ,9/9/9999 12:00:00 AM,0,Active,Storm,TB-009,Somerv, , ,9999,Unk,Unk,9999,9999, ,9999,-71.1174055362422,42.3970787638331
94,248,0,1,1, ,9/1/1977 12:00:00 AM,0,Active,Storm,TB-009,Somerv, ,DRAIN STRUCTURE; RIM MH 49.39,9999,Unk,Unk,9999,48.72, ,44.99,-71.1172133989522,42.3969986082849
95,249,0,1,1, ,9/1/1977 12:00:00 AM,0,Active,Storm,TB-009,Somerv, ,DRAIN STRUCTURE; RIM MH 49.53,9999,Unk,Unk,9999,48.81, ,45.23,-71.1170703110719,42.3969427823861
96,250,0,1,1, ,9/9/9999 12:00:00 AM,0,Active,Storm,TB-009,Somerv, , ,9999,Unk,Unk,9999,9999, ,9999,-71.1165332203411,42.3968130990098
97,251,0,1,1, ,9/1/1977 12:00:00 AM,0,Active,Storm,TB-010,Somerv, ,DRAIN STRUCTURE; RIM MH 49.22,9999,Unk,Unk,9999,48.43, ,44.92,-71.1163108005752,42.3966495025561
98,252,0,1,1, ,9/1/1977 12:00:00 AM,0,Active,Storm,TB-011,Somerv, , ,9999,Unk,Unk,9999,56.97, ,54.37,-71.1202567172012,42.3994728595043
99,253,0,1,1, ,9/1/1977 12:00:00 AM,0,Active,Storm,TB-030,Somerv, , ,9999,Unk,Unk,9999,55.43, ,55.33,-71.120448020061,42.3995183734933
100,254,0,1,1, ,9/9/9999 12:00:00 AM,0,Active,Storm,TB-010,Somerv, ,DRAIN MH NEXT TO CB,9999,Unk,Unk,9999,9999, ,9999,-71.1154899628967,42.3963085114987
101,255,0,1,1, ,9/9/9999 12:00:00 AM,0,Active,Storm,TB-010,Somerv, , ,9999,Unk,Unk,9999,9999, ,9999,-71.1154817808995,42.3963856641235
102,256,0,1,1, ,9/9/9999 12:00:00 AM,0,Active,Storm,TB-011,Somerv, , ,9999,Unk,Unk,9999,9999, ,9999,-71.119850325126,42.3998946243787
103,257,0,1,1, ,9/1/1977 12:00:00 AM,0,Active,Storm,"TB-029, TB-011",Somerv, , ,9999,Unk,Unk,9999,56.93, ,54.13,-71.1197401585998,42.3999371331498
104,258,0,1,1, ,9/1/1977 12:00:00 AM,0,Active,Storm,TB-011,Somerv, ,DRAIN STRUCTURE; RIM MH 49.08,9999,Unk,Unk,9999,48.28, ,45.18,-71.1193946246232,42.4004828823026
105,259,0,1,1, ,9/1/1977 12:00:00 AM,0,Active,Storm,TB-011,Somerv, , ,9999,Unk,Unk,9999,49.24, ,48.64,-71.1193389371681,42.4004099994928
106,260,0,1,1, ,9/1/1977 12:00:00 AM,0,Active,Storm,TB-019,Somerv, , ,9999,Unk,Unk,9999,48.43, ,45.73,-71.1192065770934,42.4004758904671
107,261,0,1,1, ,9/9/9999 12:00:00 AM,0,Active,Storm,TB-012,Somerv, , ,9999,Unk,Unk,9999,9999, ,9999,-71.11092522569,42.3994020944777
108,262,0,1,1, ,9/9/9999 12:00:00 AM,0,Active,Storm,TB-012,Somerv, , ,9999,Unk,Unk,9999,9999, ,9999,-71.1110302696788,42.3992538129074
109,263,0,1,1, ,9/9/9999 12:00:00 AM,0,Active,Storm,TB-012,Somerv, , ,9999,Unk,Unk,9999,9999, ,9999,-71.1114032896452,42.3994265769232
110,264,0,1,1, ,9/9/9999 12:00:00 AM,0,Active,Storm,TB-012,Somerv, , ,9999,Unk,Unk,9999,9999, ,9999,-71.1110286072138,42.3988965044029
111,265,0,1,1, ,9/9/9999 12:00:00 AM,0,Active,Storm,TB-012,Somerv, , ,9999,Unk,Unk,9999,9999, ,9999,-71.1109059394498,42.3987760370218
112,266,0,1,1, ,9/9/9999 12:00:00 AM,0,Active,Storm,TB-012,Somerv, , ,9999,Unk,Unk,9999,9999, ,9999,-71.1105001671245,42.3982858815263
113,267,0,1,1, ,9/9/9999 12:00:00 AM,0,Active,Storm,TB-012,Somerv, , ,9999,Unk,Unk,9999,9999, ,9999,-71.1104430296556,42.3981713521991
114,268,0,1,1, ,9/9/9999 12:00:00 AM,0,Active,Storm,TB-012,Somerv, , ,9999,Unk,Unk,9999,9999, ,9999,-71.1101156518308,42.397964630902
115,269,0,1,1, ,9/9/9999 12:00:00 AM,0,Active,Storm,TB-013,Somerv, , ,9999,Unk,Unk,9999,9999, ,9999,-71.1101009183563,42.3977109037236
116,270,0,1,1, ,9/9/9999 12:00:00 AM,0,Active,Storm,TB-014,Somerv, , ,9999,Unk,Unk,9999,9999, ,9999,-71.1098798625327,42.3967349763977
117,271,0,1,1, ,9/9/9999 12:00:00 AM,0,Active,Storm,TB-014,Somerv, , ,9999,Unk,Unk,9999,9999, ,9999,-71.1099547801002,42.3968328896541
118,272,0,1,1, ,9/9/9999 12:00:00 AM,0,Active,Storm,TB-014,Somerv, , ,9999,Unk,Unk,9999,9999, ,9999,-71.1102463515738,42.39619193163
119,273,0,1,1, ,9/9/9999 12:00:00 AM,0,Active,Storm,TB-014,Somerv, , ,9999,Unk,Unk,9999,9999, ,9999,-71.1104438753682,42.3962104678554
120,274,0,1,1, ,9/1/1977 12:00:00 AM,0,Active,Storm,TB-014,Somerv, , ,9999,Unk,Unk,9999,47.35, ,43.65,-71.1101494179478,42.3965381834136
121,92,0,1,1, ,9/9/9999 12:00:00 AM,0,Active,Storm,PF-106,Somerv, , ,0,Unk,Unk,9999,9999, ,9999,-71.087133474767,42.38889566962
122,93,0,1,1, ,9/9/9999 12:00:00 AM,0,Active,Storm,PF-106,Somerv, , ,0,Unk,Unk,9999,9999, ,9999,-71.0871052683962,42.3888601920058
123,94,0,1,1, ,3/1/1935 12:00:00 AM,0,Active,Storm,PF-153,Somerv, , ,0,Unk,Unk,9999,9999, ,9999,-71.0848256849894,42.3908354746092
124,95,0,1,1, ,3/2/1935 12:00:00 AM,0,Active,Storm,PF-153,Somerv, , ,0,Unk,Unk,9999,9999, ,9999,-71.0854364599114,42.3902363357267
125,96,0,1,1, ,11/3/1897 12:00:00 AM,0,Active,Storm,"V-3, Z-12",Somerv, , ,0, , ,9999,9999, ,9999,-71.0939999919844,42.3750162901812
126,97,0,1,1, ,4/15/1898 12:00:00 AM,0,Active,Storm,BB-7,Somerv, , ,0,Unk,Unk,9999,9999, ,9999,-71.0869698789197,42.3869835528765
127,98,0,1,1, ,4/15/1898 12:00:00 AM,0,Active,Storm,BB-6,Somerv, , ,0,Unk,Unk,9999,9999, ,9999,-71.0864520081621,42.3878061180735
128,99,0,1,1, ,4/15/1898 12:00:00 AM,0,Active,Storm,BB-6,Somerv, , ,0,Unk,Unk,9999,9999, ,9999,-71.0860103633436,42.3884832947174
129,100,0,1,1, ,1/1/1927 12:00:00 AM,0,Active,Storm,MM-6,Somerv, , ,0,Unk,Unk,9999,9999, ,9999,-71.0975844359814,42.388300427043
130,101,0,1,1, ,1/1/1927 12:00:00 AM,0,Active,Storm,MM-6,Somerv, , ,0,Unk,Unk,9999,9999, ,9999,-71.0974892070855,42.3884187194306
131,102,0,1,1, ,1/1/1927 12:00:00 AM,0,Active,Storm,MM-6,Somerv, , ,0, , ,9999,9999, ,9999,-71.0971350322526,42.3880273025631
132,103,0,1,1, ,1/1/1927 12:00:00 AM,0,Active,Storm,MM-6,Somerv, , ,0, , ,9999,9999, ,9999,-71.096946640259,42.3879423245811
133,104,0,1,1, ,1/1/1927 12:00:00 AM,0,Active,Storm,MM-6,Somerv, , ,0, , ,9999,9999, ,9999,-71.0967563235496,42.387855905537
134,105,0,1,1, ,1/1/1927 12:00:00 AM,0,Active,Storm,MM-6,Somerv, , ,0, , ,9999,9999, ,9999,-71.0966185730592,42.3876896350699
135,106,0,1,1, ,1/1/1927 12:00:00 AM,0,Active,Storm,MM-6,Somerv, , ,0, , ,9999,9999, ,9999,-71.0963705804777,42.3875787182994
136,107,0,1,1, ,1/1/1927 12:00:00 AM,0,Active,Storm,MM-6,Somerv, , ,0, , ,9999,9999, ,9999,-71.0961430678667,42.3875807751697
137,108,0,1,1, ,1/1/1927 12:00:00 AM,0,Active,Storm,MM-6,Somerv, , ,0, , ,9999,9999, ,9999,-71.0965982408592,42.3878553514088
138,109,0,1,1, ,1/1/1927 12:00:00 AM,0,Active,Storm,MM-6,Somerv, , ,0, , ,9999,9999, ,9999,-71.0965846614151,42.3878681650306
139,110,0,1,1, ,1/1/1927 12:00:00 AM,0,Active,Storm,MM-5,Somerv, , ,0, , ,9999,9999, ,9999,-71.0938054827884,42.3866744622707
140,111,0,1,1, ,1/1/1927 12:00:00 AM,0,Active,Storm,MM-5,Somerv, , ,0, , ,9999,9999, ,9999,-71.093870577045,42.3866167876794
141,112,0,1,1, ,1/1/1927 12:00:00 AM,0,Active,Storm,MM-4,Somerv, , ,0, , ,9999,9999, ,9999,-71.0932699912338,42.3863036085807
142,113,0,1,1, ,1/1/1927 12:00:00 AM,0,Active,Storm,MM-4,Somerv, , ,0, , ,9999,9999, ,9999,-71.093352964776,42.3862426877425
143,114,0,1,1, ,1/1/1927 12:00:00 AM,0,Active,Storm,MM-4,Somerv, , ,0, , ,9999,9999, ,9999,-71.0934425900514,42.3861867453504
144,115,0,1,1, ,1/1/1927 12:00:00 AM,0,Active,Storm,MM-4,Somerv, , ,0, , ,9999,9999, ,9999,-71.093014298028,42.3858063399391
145,116,0,1,1, ,1/1/1927 12:00:00 AM,0,Active,Storm,MM-4,Somerv, , ,0, , ,9999,9999, ,9999,-71.0929425347339,42.3858590354599
146,117,0,1,1, ,1/1/1927 12:00:00 AM,0,Active,Storm,MM-4,Somerv, , ,0, , ,9999,9999, ,9999,-71.0928640876393,42.3859117008832
147,118,0,1,1, ,1/1/1927 12:00:00 AM,0,Active,Storm,MM-4,Somerv, , ,0, , ,9999,9999, ,9999,-71.092803574804,42.3859511971795
148,119,0,1,1, ,1/1/1928 12:00:00 AM,0,Active,Storm,MM-3,Somerv, , ,0, , ,9999,9999, ,9999,-71.090585914709,42.3836642493372
149,120,0,1,1, ,1/1/1928 12:00:00 AM,0,Active,Storm,MM-3,Somerv, , ,0, , ,9999,9999, ,9999,-71.0907541963519,42.3835776681086
150,121,0,1,1, ,1/1/1928 12:00:00 AM,0,Active,Storm,MM-3,Somerv, , ,0, , ,9999,9999, ,9999,-71.0911455101048,42.3838791956942
151,122,0,1,1, ,1/1/1928 12:00:00 AM,0,Active,Storm,MM-3,Somerv, , ,0, , ,9999,9999, ,9999,-71.090002594313,42.3826474392817
152,123,0,1,1, ,1/1/1928 12:00:00 AM,0,Active,Storm,MM-3,Somerv, , ,0, , ,9999,9999, ,9999,-71.0897588793815,42.382773768238
153,124,0,1,1, ,1/1/1928 12:00:00 AM,0,Active,Storm,MM-3,Somerv, , ,0, , ,9999,9999, ,9999,-71.0914776499858,42.3843906001837
154,125,0,1,1, ,1/1/1928 12:00:00 AM,0,Active,Storm,MM-3,Somerv, , ,0, , ,9999,9999, ,9999,-71.0913964017085,42.3844331846211
155,126,0,1,1, ,1/1/1928 12:00:00 AM,0,Active,Storm,MM-3,Somerv, , ,0, , ,9999,9999, ,9999,-71.0912997026734,42.3844814373398
156,127,0,1,1, ,6/12/1908 12:00:00 AM,0,Active,Storm,FF-21,Somerv, , ,0,Unk,Unk,9999,9999, ,9999,-71.1136045914984,42.3989051567287
157,128,0,1,1, ,6/12/1908 12:00:00 AM,0,Active,Storm,FF-21,Somerv, , ,0,Unk,Unk,9999,9999, ,9999,-71.1135182427222,42.3988362652388
158,129,0,1,1, ,11/1/1933 12:00:00 AM,0,Active,Storm,PF-030,Somerv, , ,0,Unk,Unk,9999,9999, ,9999,-71.1299314543358,42.4065954170062
159,130,0,1,1, ,11/1/1933 12:00:00 AM,0,Active,Storm,PF-030,Somerv, , ,0,Unk,Unk,9999,9999, ,9999,-71.1285443787207,42.4063494164153
160,131,0,1,1, ,11/1/1933 12:00:00 AM,0,Active,Storm,PF-030,Somerv, , ,0,Unk,Unk,9999,9999, ,9999,-71.1284616460942,42.4063162762907
161,132,0,1,1, ,11/1/1933 12:00:00 AM,0,Active,Storm,PF-030,Somerv, , ,0,Unk,Unk,9999,9999, ,9999,-71.1287905831038,42.4058028274446
162,174,0,1,1, ,11/14/1939 12:00:00 AM,0,Proposed,Storm,PF-62,Somerv, , ,9999,Unk,Unk,9999,9999, ,9999,-71.1327682019736,42.4049170928869
163,133,0,1,1, ,11/1/1933 12:00:00 AM,0,Active,Storm,PF-030,Somerv, , ,0,Unk,Unk,9999,9999, ,9999,-71.1285006519856,42.4062420840592
164,134,0,1,1, ,11/1/1939 12:00:00 AM,0,Active,Storm,PF-033,Somerv, , ,0,Unk,Unk,9999,9999, ,9999,-71.1298269169496,42.4079799687654
165,135,0,1,1, ,11/1/1939 12:00:00 AM,0,Active,Storm,PF-033,Somerv, , ,0,Unk,Unk,9999,9999, ,9999,-71.129830887076,42.4079614036081
166,136,0,1,1, ,11/1/1939 12:00:00 AM,0,Active,Storm,PF-033,Somerv, , ,0,Unk,Unk,9999,9999, ,9999,-71.129807820312,42.4079484682717
167,137,0,1,1, ,11/1/1939 12:00:00 AM,0,Active,Storm,PF-033,Somerv, , ,0,Unk,Unk,9999,9999, ,9999,-71.1288152958102,42.4075050798119
168,138,0,1,1, ,11/1/1939 12:00:00 AM,0,Active,Storm,PF-033,Somerv, , ,0,Unk,Unk,9999,9999, ,9999,-71.1287378707159,42.4075534195064
169,139,0,1,1, ,11/1/1939 12:00:00 AM,0,Active,Storm,PF-033,Somerv, , ,0,Unk,Unk,9999,9999, ,9999,-71.1276140548432,42.407138180921
170,140,0,1,1, ,11/1/1939 12:00:00 AM,0,Active,Storm,PF-033,Somerv, , ,0,Unk,Unk,9999,9999, ,9999,-71.1276549296181,42.4070740009964
171,141,0,1,1, ,11/1/1939 12:00:00 AM,0,Active,Storm,PF-033,Somerv, , ,0,Unk,Unk,9999,9999, ,9999,-71.1267870735004,42.406752478081
172,142,0,1,1, ,11/1/1939 12:00:00 AM,0,Active,Storm,PF-033,Somerv, , ,0,Unk,Unk,9999,9999, ,9999,-71.1267423536489,42.406813790046
173,143,0,1,1, ,5/1/1940 12:00:00 AM,0,Active,Storm,PF-018,Somerv, , ,0,Unk,Unk,9999,9999, ,9999,-71.0947437749681,42.3986274245997
174,144,0,1,1, ,5/1/1940 12:00:00 AM,0,Active,Storm,PF-018,Somerv, , ,0,Unk,Unk,9999,9999, ,9999,-71.0946156457294,42.3986119675194
175,145,0,1,1, ,5/1/1940 12:00:00 AM,0,Active,Storm,PF-018,Somerv, , ,0,Unk,Unk,9999,9999, ,9999,-71.0951401312546,42.3982103024952
176,146,0,1,1, ,5/1/1940 12:00:00 AM,0,Active,Storm,PF-018,Somerv, , ,0,Unk,Unk,9999,9999, ,9999,-71.0950437154223,42.3981616105136
177,147,0,1,1, ,5/1/1940 12:00:00 AM,0,Active,Storm,PF-018,Somerv, , ,0,Unk,Unk,9999,9999, ,9999,-71.0959962536295,42.3973079183973
178,148,0,1,1, ,5/1/1940 12:00:00 AM,0,Active,Storm,PF-018,Somerv, , ,0,Unk,Unk,9999,9999, ,9999,-71.0958570521375,42.3972657411367
179,149,0,1,1, ,5/1/1940 12:00:00 AM,0,Active,Storm,PF-018,Somerv, , ,0,Unk,Unk,9999,9999, ,9999,-71.0941648969694,42.3990905900658
180,150,0,1,1, ,12/1/1934 12:00:00 AM,0,Active,Storm,PF-072,Somerv, , ,0,Unk,Unk,9999,9999, ,9999,-71.115879010839,42.4050370721009
181,151,0,1,1, ,12/1/1934 12:00:00 AM,0,Active,Storm,PF-072,Somerv, , ,0,Unk,Unk,9999,9999, ,9999,-71.115727557304,42.4039375159752
182,152,0,1,1, ,12/1/1934 12:00:00 AM,0,Active,Storm,PF-072,Somerv, , ,0,Unk,Unk,9999,9999, ,9999,-71.1156137023156,42.4039514245381
183,153,0,1,1, ,4/15/1898 12:00:00 AM,0,Active,Storm,BB-9,Somerv, , ,0,Unk,Unk,9999,9999, ,9999,-71.0916294243742,42.3914171890172
184,154,0,1,1, ,4/28/1898 12:00:00 AM,0,Active,Storm,BB-8,Somerv, , ,0,Unk,Unk,9999,9999, ,9999,-71.0906872067055,42.3907292578106
185,155,0,1,1, ,4/28/1898 12:00:00 AM,0,Active,Storm,BB-8,Somerv, , ,0,Unk,Unk,9999,9999, ,9999,-71.0902279641663,42.3904903723424
186,156,0,1,1, ,4/28/1898 12:00:00 AM,0,Active,Storm,BB-8,Somerv, , ,0,Unk,Unk,9999,9999, ,9999,-71.0894784826992,42.3901132527609
187,157,0,1,1, ,4/28/1898 12:00:00 AM,0,Active,Storm,BB-8,Somerv, , ,0,Unk,Unk,9999,9999, ,9999,-71.0888325102608,42.3898308223922
188,158,0,1,1, ,4/28/1898 12:00:00 AM,0,Active,Storm,BB-8,Somerv, , ,0,Unk,Unk,9999,9999, ,9999,-71.0883498854195,42.3896318634769
189,159,0,1,1, ,5/1/1940 12:00:00 AM,0,Active,Storm,PF-001,Somerv, , ,0,Unk,Unk,9999,9999, ,9999,-71.0970874169399,42.3978443731547
190,160,0,1,1, ,5/1/1940 12:00:00 AM,0,Active,Storm,PF-001,Somerv, , ,0,Unk,Unk,9999,9999, ,9999,-71.097149223542,42.3979068277628
191,161,0,1,1, ,5/1/1940 12:00:00 AM,0,Active,Storm,PF-001,Somerv, , ,0,Unk,Unk,9999,9999, ,9999,-71.0971223464156,42.3979770509626
192,162,0,1,1, ,5/1/1940 12:00:00 AM,0,Active,Storm,PF-001,Somerv, , ,0,Unk,Unk,9999,9999, ,9999,-71.0965949326588,42.3984987995426
193,163,0,1,1, ,5/1/1940 12:00:00 AM,0,Active,Storm,PF-001,Somerv, , ,0,Unk,Unk,9999,9999, ,9999,-71.0965201186041,42.3984633786216
194,164,0,1,1, ,5/1/1940 12:00:00 AM,0,Active,Storm,PF-001,Somerv, , ,0,Unk,Unk,9999,9999, ,9999,-71.0959308215019,42.3992373361794
195,165,0,1,1, ,5/1/1940 12:00:00 AM,0,Active,Storm,PF-001,Somerv, , ,0,Unk,Unk,9999,9999, ,9999,-71.095778227854,42.3992667734847
196,166,0,1,1, ,5/1/1940 12:00:00 AM,0,Active,Storm,PF-001,Somerv, , ,0,Unk,Unk,9999,9999, ,9999,-71.0958346705578,42.3991955085302
197,167,0,1,1, ,9/9/9999 12:00:00 AM,0,Active,Storm,NA,Somerv, , ,0,Unk,Unk,9999,9999, ,9999,-71.0997629878429,42.3778657967062
198,168,0,1,1, ,9/9/9999 12:00:00 AM,0,Active,Storm,NA,Somerv, , ,0,Unk,Unk,9999,9999, ,9999,-71.0997532609039,42.3777901253436
199,169,0,1,1, ,4/15/1898 12:00:00 AM,0,Active,Storm,BB-5,Somerv, , ,0,Unk,Unk,9999,9999, ,9999,-71.0865541447407,42.3891147335302
200,170,0,1,1, ,4/15/1898 12:00:00 AM,0,Active,Storm,BB-5,Somerv, , ,0,Unk,Unk,9999,9999, ,9999,-71.0872515404124,42.3894916855251
201,60,0,1,1, ,1/1/1927 12:00:00 AM,0,Active,Storm,MM-8,Somerv, ,ASSUMED FROM PLAN TO BE CATCH BASIN - MAY BE OWNED BY B&L R.R. - PLANS GIVE NO PROFILE OR DATA ON STRUCTURES,0,Unk,Unk,9999,9999, ,9999,-71.1018823435747,42.3905528022372
202,61,0,1,1, ,1/1/1927 12:00:00 AM,0,Active,Storm,MM-8,Somerv, ,ASSUMED FROM PLAN TO BE CATCH BASIN - MAY BE OWNED BY B&L R.R. - PLANS GIVE NO PROFILE OR DATA ON STRUCTURES,0,Unk,Unk,9999,9999, ,9999,-71.1035447610458,42.391093060431
203,62,0,1,1, ,1/1/1927 12:00:00 AM,0,Active,Storm,MM-8,Somerv, ,ASSUMED FROM PLAN TO BE CATCH BASIN - MAY BE OWNED BY B&L R.R. - PLANS GIVE NO PROFILE OR DATA ON STRUCTURES,0,Unk,Unk,9999,9999, ,9999,-71.103441934685,42.3911941810439
204,63,0,1,1, ,1/1/1927 12:00:00 AM,0,Active,Storm,MM-8,Somerv, ,ASSUMED FROM PLAN TO BE CATCH BASIN - MAY BE OWNED BY B&L R.R. - PLANS GIVE NO PROFILE OR DATA ON STRUCTURES,0,Unk,Unk,9999,9999, ,9999,-71.1028302151603,42.3906661248597
205,64,0,1,1, ,1/1/1927 12:00:00 AM,0,Active,Storm,MM-8,Somerv, ,ASSUMED FROM PLAN TO BE CATCH BASIN - MAY BE OWNED BY B&L R.R. - PLANS GIVE NO PROFILE OR DATA ON STRUCTURES,0,Unk,Unk,9999,9999, ,9999,-71.1029174207025,42.3905949689232
206,65,0,1,1, ,1/1/1927 12:00:00 AM,0,Active,Storm,MM-8,Somerv, ,ASSUMED FROM PLAN TO BE CATCH BASIN - MAY BE OWNED BY B&L R.R. - PLANS GIVE NO PROFILE OR DATA ON STRUCTURES,0,Unk,Unk,9999,9999, ,9999,-71.1025841797403,42.3905466499776
207,66,0,1,1, ,1/1/1927 12:00:00 AM,0,Active,Storm,MM-8,Somerv, ,ALSO SHOWN ON CENTRAL ST BRIDGE PLANS,0,Unk,Unk,9999,9999, ,9999,-71.1022156098741,42.3902044164314
208,67,0,1,1, ,1/1/1927 12:00:00 AM,0,Active,Storm,MM-8,Somerv, ,ALSO SHOWN ON CENTRAL ST BRIDGE PLANS,0,Unk,Unk,9999,9999, ,9999,-71.1021291663179,42.3901763977554
209,69,0,1,1, ,1/1/1927 12:00:00 AM,0,Active,Storm,MM-8,Somerv, ,ASSUMED FROM PLAN TO BE CATCH BASIN - MAY BE OWNED BY B&L R.R. - PLANS GIVE NO PROFILE OR DATA ON STRUCTURES,0,Unk,Unk,9999,9999, ,9999,-71.1014719235838,42.390208372913
210,70,0,1,1, ,1/1/1927 12:00:00 AM,0,Active,Storm,MM-8,Somerv, ,ASSUMED FROM PLAN TO BE CATCH BASIN - MAY BE OWNED BY B&L R.R. - PLANS GIVE NO PROFILE OR DATA ON STRUCTURES,0,Unk,Unk,9999,9999, ,9999,-71.1006750934389,42.3896868081879
211,71,0,1,1, ,1/1/1927 12:00:00 AM,0,Active,Storm,MM-8,Somerv, ,ASSUMED FROM PLAN TO BE CATCH BASIN - MAY BE OWNED BY B&L R.R. - PLANS GIVE NO PROFILE OR DATA ON STRUCTURES,0,Unk,Unk,9999,9999, ,9999,-71.1004808335097,42.3896132493162
212,72,0,1,1, ,1/1/1927 12:00:00 AM,0,Active,Storm,MM-8,Somerv, ,ASSUMED FROM PLAN TO BE CATCH BASIN - MAY BE OWNED BY B&L R.R. - PLANS GIVE NO PROFILE OR DATA ON STRUCTURES,0,Unk,Unk,9999,9999, ,9999,-71.1004659901827,42.3898261473767
213,73,0,1,1, ,1/1/1927 12:00:00 AM,0,Active,Storm,MM-8,Somerv, ,ASSUMED FROM PLAN TO BE CATCH BASIN - MAY BE OWNED BY B&L R.R. - PLANS GIVE NO PROFILE OR DATA ON STRUCTURES,0,Unk,Unk,9999,9999, ,9999,-71.1005390132618,42.3898635569768
214,74,0,1,1, ,1/1/1927 12:00:00 AM,0,Active,Storm,MM-8,Somerv, ,ASSUMED FROM PLAN TO BE CATCH BASIN - MAY BE OWNED BY B&L R.R. - PLANS GIVE NO PROFILE OR DATA ON STRUCTURES,0,Unk,Unk,9999,9999, ,9999,-71.1001223038594,42.3896005702668
215,75,0,1,1, ,1/1/1927 12:00:00 AM,0,Active,Storm,MM-8,Somerv, , ,0,Unk,Unk,9999,9999, ,9999,-71.0989745686376,42.3890849180067
216,76,0,1,1, ,1/1/1927 12:00:00 AM,0,Active,Storm,MM-8,Somerv, , ,0,Unk,Unk,9999,9999, ,9999,-71.0990581513537,42.3889780238593
217,77,0,1,1, ,4/1/1940 12:00:00 AM,0,Active,Storm,PF-22,Somerv, , ,0,Unk,Unk,9999,9999, ,9999,-71.1075931661312,42.384095463903
218,78,0,1,1, ,4/1/1940 12:00:00 AM,0,Active,Storm,PF-22,Somerv, , ,0,Unk,Unk,9999,9999, ,9999,-71.1076894972157,42.3841057984415
219,1,0,1,1, ,5/8/1889 12:00:00 AM,0,Active,Storm,L-9,Somerv, , ,0,Unk,Unk,9999,9999, ,9999,-71.1230982790257,42.3934344465166
220,2,0,1,1, ,11/1/1939 12:00:00 AM,0,Active,Storm,PF-32,Somerv, ,PLAN SHOWS THIS AS EXISTING CB TO BE CONNECTED TO DRAIN - NO PROFILE,0,Unk,Unk,9999,46.1, ,9999,-71.1214208524695,42.4035065059689
221,3,0,1,1, ,11/1/1939 12:00:00 AM,0,Proposed,Storm,PF-31,Somerv, ,SHOWN AS PROPOSED CB ON PLAN - NO PROFILE,0,Unk,Unk,9999,9999, ,9999,-71.1206723514075,42.4029109231989
222,5,0,1,1, ,11/1/1939 12:00:00 AM,0,Active,Storm,PF-32,Somerv, ,PROPOSED ON PLAN - NO PFOFILE,0,Unk,Unk,9999,9999, ,9999,-71.1223260944581,42.4040154124275
223,6,0,1,1, ,6/1/1939 12:00:00 AM,0,Active,Storm,PF-41,Somerv, , ,0,Unk,Unk,9999,9999, ,9999,-71.1184358818084,42.4019913023253
224,80,0,1,1, ,12/1/1934 12:00:00 AM,0,Active,Storm,PF-73,Somerv, , ,0,Unk,Unk,9999,9999, ,9999,-71.1012067370552,42.3773289219421
225,7,0,1,1, ,6/1/1939 12:00:00 AM,0,Active,Storm,PF-41,Somerv, ,EXISTING MH IN PROPOSED DRAINAGE PLAN OF 1939 - DIRECTLY CONNECTED TO DRAIN PIPES,0,Unk,Unk,9999,40, ,9999,-71.1174220480859,42.4014508848328
226,8,0,1,1, ,6/1/1939 12:00:00 AM,0,Active,Storm,PF-41,Somerv, ,SHOWN AS EXISTING MH IN PROPOSED PLANS OF 1939 - CONNECTS TO MH ACROSS THE STREET,0,Unk,Unk,9999,40, ,9999,-71.1174885419464,42.4013492727378
227,9,0,1,1, ,11/14/1939 12:00:00 AM,0,Proposed,Storm,"PF-31,PF-41,JJ-25",Somerv, ,PROPOSED CB,0,Unk,Unk,9999,9999, ,9999,-71.1196207811272,42.4022971453713
228,10,0,1,1, ,11/14/1939 12:00:00 AM,0,Active,Storm,PF-61,Somerv, , ,0,Unk,Unk,9999,9999, ,9999,-71.1336238180315,42.4035463518624
229,11,0,1,1, ,11/14/1939 12:00:00 AM,0,Active,Storm,PF-61,Somerv, , ,0,Unk,Unk,9999,9999, ,9999,-71.1335759339272,42.4034904655928
230,12,0,1,1, ,11/14/1939 12:00:00 AM,0,Active,Storm,PF-61,Somerv, ,EXISTING CB,0,Unk,Unk,9999,9999, ,9999,-71.1333486585245,42.4037741468783
231,13,0,1,1, ,11/14/1939 12:00:00 AM,0,Active,Storm,PF-61,Somerv, ,EXISTING CB,0,Unk,Unk,9999,9999, ,9999,-71.1329573460769,42.4040801782081
232,14,0,1,1, ,11/14/1939 12:00:00 AM,0,Active,Storm,PF-61,Somerv, ,EXISTING CB,0,Unk,Unk,9999,9999, ,9999,-71.132880418011,42.4040442045613
233,15,0,1,1, ,11/14/1939 12:00:00 AM,0,Proposed,Storm,PF-61,Somerv, ,""PROPOSED CB"",0,Unk,Unk,9999,9999, ,9999,-71.132263769747,42.4046310644066
234,16,0,1,1, ,11/14/1939 12:00:00 AM,0,Proposed,Storm,PF-61,Somerv, ,""PROPOSED CB"",0,Unk,Unk,9999,9999, ,9999,-71.1321965145673,42.4045893980314
235,17,0,1,1, ,11/14/1939 12:00:00 AM,0,Proposed,Storm,PF-61,Somerv, ,""PROPOSED CB"",0,Unk,Unk,9999,9999, ,9999,-71.1316553980495,42.4051179005305
236,18,0,1,1, ,11/14/1939 12:00:00 AM,0,Proposed,Storm,PF-61,Somerv, ,""PROPOSED CB"",0,Unk,Unk,9999,9999, ,9999,-71.1315881677126,42.4050719511002
237,19,0,1,1, ,11/1/1939 12:00:00 AM,0,Proposed,Storm,PF-63,Somerv, ,PROPOSED CB,0,Unk,Unk,9999,9999, ,9999,-71.1311062927755,42.4047016784269
238,20,0,1,1, ,11/1/1939 12:00:00 AM,0,Proposed,Storm,PF-63,Somerv, ,PROPOSED CB,0,Unk,Unk,9999,9999, ,9999,-71.1310313329907,42.4046585590792
239,21,0,1,1, ,11/1/1939 12:00:00 AM,0,Active,Storm,PF-63,Somerv, ,""EX. C.B."",0,Unk,Unk,9999,9999, ,9999,-71.1317804088979,42.4041836100156
240,22,0,1,1, ,11/1/1939 12:00:00 AM,0,Active,Storm,PF-63,Somerv, ,""EX. C.B."",0,Unk,Unk,9999,9999, ,9999,-71.1317093433524,42.4041333591858
241,23,0,1,1, ,11/1/1939 12:00:00 AM,0,Proposed,Storm,PF-63,Somerv, ,PROPOSED CB,0,Unk,Unk,9999,9999, ,9999,-71.1322162738943,42.4038448519577
242,24,0,1,1, ,11/1/1939 12:00:00 AM,0,Proposed,Storm,PF-63,Somerv, ,PROPOSED CB,0,Unk,Unk,9999,9999, ,9999,-71.1321451920621,42.403798890528
243,25,0,1,1, ,11/1/1939 12:00:00 AM,0,Active,Storm,PF-63,Somerv, ,EXISTING CB,0,Unk,Unk,9999,9999, ,9999,-71.1326637416053,42.4034989912944
244,26,0,1,1, ,11/1/1939 12:00:00 AM,0,Active,Storm,PF-63,Somerv, ,EXISTING BB,0,Unk,Unk,9999,9999, ,9999,-71.1325897194536,42.4034566057429
245,27,0,1,1, ,1/1/1928 12:00:00 AM,0,Active,Storm,MM-16,Somerv, ,""REBUILD C.BASINS & M.H."",0,Unk,Unk,9999,9999, ,9999,-71.1338049115002,42.4041129536254
246,28,0,1,1, ,1/1/1928 12:00:00 AM,0,Active,Storm,MM-16,Somerv, ,""REBUILD C.BASINS & M.H."",0,Unk,Unk,9999,9999, ,9999,-71.1337223863842,42.4040455236373
247,29,0,1,1, ,12/15/1916 12:00:00 AM,0,Active,Storm,JJ-31,Somerv, ,CB CONNECTED TO DMH,0,Unk,Unk,9999,9999, ,9999,-71.1286582250875,42.4097634041651
248,30,0,1,1, ,12/15/1916 12:00:00 AM,0,Active,Storm,JJ-31,Somerv, ,CB CONNECTED TO DMH ON NORTH ST,0,Unk,Unk,9999,9999, ,9999,-71.1289569813334,42.4094656613179
249,31,0,1,1, ,12/15/1916 12:00:00 AM,0,Active,Storm,JJ-31,Somerv, ,CB CONNECTED TO COLLECTOR WEST OF IT -- CONNECT WITH COLLECTOR?,0,Unk,Unk,9999,9999, ,9999,-71.1289866903239,42.4092506962098
250,32,0,1,1, ,12/15/1916 12:00:00 AM,0,Active,Storm,JJ-31,Somerv, ,CB CONNECTED TO DMH,0,Unk,Unk,9999,9999, ,9999,-71.1290358260839,42.4091757938923
251,33,0,1,1, ,12/3/1887 12:00:00 AM,0,Active,Storm,J-1,Somerv, , ,0,Unk,Unk,9999,9999, ,9999,-71.1130534724352,42.3892035644347
252,34,0,1,1, ,12/3/1887 12:00:00 AM,0,Active,Storm,J-1,Somerv, , ,0,Unk,Unk,9999,9999, ,9999,-71.1131572529606,42.3892567986623
253,35,0,1,1, ,12/9/1896 12:00:00 AM,0,Active,Storm,T-17,Somerv, ,NO PROFILE,0,Unk,Unk,9999,9999, ,9999,-71.1066591960554,42.392027765317
254,36,0,1,1, ,12/23/1896 12:00:00 AM,0,Active,Storm,U-20,Somerv, , ,0,Unk,Unk,9999,9999, ,9999,-71.1256393858682,42.3982617883925
255,37,0,1,1, ,12/23/1896 12:00:00 AM,0,Active,Storm,U-20,Somerv, , ,0,Unk,Unk,9999,9999, ,9999,-71.1255605768547,42.3982200868567
256,275,0,1,1, ,9/1/1977 12:00:00 AM,0,Active,Storm,TB-014,Somerv, , ,9999,Unk,Unk,9999,47.26, ,43.46,-71.1100484950279,42.3964878178793
257,276,0,1,1, ,9/9/9999 12:00:00 AM,0,Active,Storm,TB-015,Somerv, , ,9999,Unk,Unk,9999,9999, ,9999,-71.1112923674377,42.3946281126383
258,277,0,1,1, ,9/9/9999 12:00:00 AM,0,Active,Storm,TB-015,Somerv, , ,9999,Unk,Unk,9999,9999, ,9999,-71.1114003207576,42.3946823483294
259,278,0,1,1, ,9/1/1977 12:00:00 AM,0,Active,Storm,TB-016,Somerv, ,DRAIN STRUCTURE; RIM MH 33.73,9999,Unk,Unk,9999,33.06, ,29.43,-71.1226079681224,42.3980788149062
260,279,0,1,1, ,9/1/1977 12:00:00 AM,0,Active,Storm,TB-016,Somerv, , ,9999,Unk,Unk,9999,33.36, ,29.16,-71.122516060428,42.3980382846588
261,280,0,1,1, ,9/9/9999 12:00:00 AM,0,Active,Storm,TB-016,Somerv, , ,9999,Unk,Unk,9999,9999, ,9999,-71.122685192073,42.3980717060772
262,281,0,1,1, ,9/9/9999 12:00:00 AM,0,Active,Storm,TB-016,Somerv, , ,9999,Unk,Unk,9999,9999, ,9999,-71.1225103445557,42.3980003545459
263,282,0,1,1, ,9/1/1977 12:00:00 AM,0,Active,Storm,TB-016,Somerv, , ,9999,Unk,Unk,9999,38.36, ,35.86,-71.1220197865949,42.398801239902
264,283,0,1,1, ,9/1/1977 12:00:00 AM,0,Active,Storm,TB-016,Somerv, , ,9999,Unk,Unk,9999,38.72, ,34.52,-71.121920771536,42.3987633041732
265,284,0,1,1, ,9/1/1977 12:00:00 AM,0,Active,Storm,TB-017,Somerv, , ,9999,Unk,Unk,9999,57.35, ,54.05,-71.1215684137483,42.3992844738638
266,285,0,1,1, ,9/1/1977 12:00:00 AM,0,Active,Storm,TB-017,Somerv, , ,9999,Unk,Unk,9999,56.82, ,53.52,-71.1214503999687,42.3992516671052
267,286,0,1,1, ,9/1/1977 12:00:00 AM,0,Proposed,Storm,TB-017,Somerv, , ,9999,Unk,Unk,9999,9999, ,9999,-71.1209326031431,42.3997772838919
268,287,0,1,1, ,9/1/1977 12:00:00 AM,0,Active,Storm,TB-018,Somerv, , ,9999,Unk,Unk,9999,43.69, ,41.12,-71.1200870778026,42.4008170834158
269,288,0,1,1, ,9/1/1977 12:00:00 AM,0,Active,Storm,TB-018,Somerv, , ,9999,Unk,Unk,9999,45.58, ,43.68,-71.1200106678362,42.4007456433504
270,289,0,1,1, ,9/1/1977 12:00:00 AM,0,Active,Storm,TB-019,Somerv, , ,9999,Unk,Unk,9999,49.72, ,46.42,-71.119141373345,42.400330994443
271,291,0,1,1, ,9/9/9999 12:00:00 AM,0,Active,Storm,TB-020,Somerv, , ,9999,Unk,Unk,9999,9999, ,9999,-71.1137823193756,42.3973868718602
272,292,0,1,1, ,9/9/9999 12:00:00 AM,0,Active,Storm,TB-020,Somerv, , ,9999,Unk,Unk,9999,9999, ,9999,-71.1136584550842,42.3973459327727
273,293,0,1,1, ,9/1/1977 12:00:00 AM,0,Active,Storm,TB-020,Somerv, , ,9999,Unk,Unk,9999,50.92, ,47.82,-71.1130206872453,42.3972583708289
274,294,0,1,1, ,9/9/9999 12:00:00 AM,0,Active,Storm,TB-020,Somerv, , ,9999,Unk,Unk,9999,9999, ,9999,-71.112972924411,42.3970961233274
275,295,0,1,1, ,9/9/9999 12:00:00 AM,0,Active,Storm,TB-020,Somerv, , ,9999,Unk,Unk,9999,9999, ,9999,-71.1130699919249,42.3971687323334
276,296,0,1,1, ,9/1/1977 12:00:00 AM,0,Active,Storm,TB-020,Somerv, , ,9999,Unk,Unk,9999,47.39, ,43.39,-71.1123956038418,42.3969166522449
277,297,0,1,1, ,9/9/9999 12:00:00 AM,0,Active,Storm,TB-020,Somerv, , ,9999,Unk,Unk,9999,9999, ,9999,-71.1123120902247,42.3970241130291
278,298,0,1,1, ,9/9/9999 12:00:00 AM,0,Active,Storm,TB-020,Somerv, , ,9999,Unk,Unk,9999,9999, ,9999,-71.1121027729292,42.3969156335491
279,299,0,1,1, ,9/9/9999 12:00:00 AM,0,Active,Storm,TB-021,Somerv, , ,9999,Unk,Unk,9999,9999, ,9999,-71.1116811358936,42.3965663191052
280,300,0,1,1, ,9/9/9999 12:00:00 AM,0,Active,Storm,TB-021,Somerv, , ,9999,Unk,Unk,9999,9999, ,9999,-71.111624721029,42.3966475978974
281,301,0,1,1, ,9/9/9999 12:00:00 AM,0,Active,Storm,TB-021,Somerv, , ,9999,Unk,Unk,9999,9999, ,9999,-71.1115780237263,42.3967160418644
282,302,0,1,1, ,9/9/9999 12:00:00 AM,0,Active,Storm,TB-021,Somerv, , ,9999,Unk,Unk,9999,9999, ,9999,-71.1114606276062,42.3966799107661
283,303,0,1,1, ,9/9/9999 12:00:00 AM,0,Active,Storm,TB-021,Somerv, , ,9999,Unk,Unk,9999,9999, ,9999,-71.1115073601376,42.3966057501667
284,304,0,1,1, ,9/9/9999 12:00:00 AM,0,Active,Storm,TB-021,Somerv, , ,9999,Unk,Unk,9999,9999, ,9999,-71.1109353128829,42.3964816329856
285,305,0,1,1, ,9/9/9999 12:00:00 AM,0,Active,Storm,TB-021,Somerv, , ,9999,Unk,Unk,9999,9999, ,9999,-71.1109896439321,42.3964078695848
286,306,0,1,1, ,9/9/9999 12:00:00 AM,0,Active,Storm,TB-021,Somerv, , ,9999,Unk,Unk,9999,9999, ,9999,-71.1108761433609,42.3963690302924
287,307,0,1,1, ,9/9/9999 12:00:00 AM,0,Active,Storm,TB-021,Somerv, , ,9999,Unk,Unk,9999,9999, ,9999,-71.110825756836,42.3964502074499
288,308,0,1,1, ,9/9/9999 12:00:00 AM,0,Abandoned,Storm,TB-030,Somerv, , ,9999,Unk,Unk,9999,9999, ,9999,-71.1203826527128,42.3994867187346
289,309,0,1,1, ,9/1/1977 12:00:00 AM,0,Active,Storm,TB-030,Somerv, , ,9999,Unk,Unk,9999,54.12, ,50.62,-71.1199117808368,42.399226481292
290,310,0,1,1, ,9/9/9999 12:00:00 AM,0,Active,Storm,TB-030,Somerv, , ,9999,Unk,Unk,9999,9999, ,9999,-71.1199047037497,42.3991206940623
291,311,0,1,1, ,9/9/9999 12:00:00 AM,0,Active,Storm,TB-030,Somerv, , ,9999,Unk,Unk,9999,9999, ,9999,-71.119756085595,42.3991444978719
292,312,0,1,1, ,9/9/9999 12:00:00 AM,0,Active,Storm,TB-031,Somerv, , ,9999,Unk,Unk,9999,9999, ,9999,-71.1231711933348,42.3976243094082
293,313,0,1,1, ,9/9/9999 12:00:00 AM,0,Active,Storm,TB-031,Somerv, , ,9999,Unk,Unk,9999,9999, ,9999,-71.1231945986447,42.3975650927219
294,314,0,1,1, ,9/9/9999 12:00:00 AM,0,Active,Storm,TB-031,Somerv, , ,9999,Unk,Unk,9999,9999, ,9999,-71.1234992652978,42.3977662672803
295,315,0,1,1, ,9/9/9999 12:00:00 AM,0,Active,Storm,TB-032,Somerv, , ,9999,Unk,Unk,9999,69.42, ,67.22,-71.1119626083582,42.3927114754048
296,316,0,1,1, ,9/1/1977 12:00:00 AM,0,Active,Storm,TB-032,Somerv, , ,9999,Unk,Unk,9999,68.02, ,65.32,-71.1118699370767,42.3927611288741
297,317,0,1,1, ,9/9/9999 12:00:00 AM,0,Active,Storm,TB-032,Somerv, , ,9999,Unk,Unk,9999,55.29, ,52.39,-71.1116234108486,42.3932039350699
298,318,0,1,1, ,9/9/9999 12:00:00 AM,0,Active,Storm,TB-032,Somerv, , ,9999,Unk,Unk,9999,53.95, ,51.35,-71.1116742777693,42.3933139359281
299,319,0,1,1, ,9/9/9999 12:00:00 AM,0,Active,Storm,TB-032,Somerv, , ,9999,Unk,Unk,9999,48.13, ,46.23,-71.1112303891078,42.3937350643516
300,320,0,1,1, ,9/9/9999 12:00:00 AM,0,Active,Storm,TB-032,Somerv, , ,9999,Unk,Unk,9999,47.27, ,44.47,-71.1111117854549,42.3939018016236
301,321,0,1,1, ,9/9/9999 12:00:00 AM,0,Active,Storm,TB-032,Somerv, , ,9999,Unk,Unk,9999,47.25, ,45.15,-71.1112194697012,42.3939391742644
302,322,0,1,1, ,9/9/9999 12:00:00 AM,0,Active,Storm,TB-080,Somerv, , ,9999,Unk,Unk,9999,9999, ,9999,-71.1205946057917,42.3963475408233
303,323,0,1,1, ,9/9/9999 12:00:00 AM,0,Active,Storm,TB-080,Somerv, , ,9999,Unk,Unk,9999,9999, ,9999,-71.1205610645579,42.3964144249333
304,324,0,1,1, ,10/25/1978 12:00:00 AM,0,Proposed,Storm,TB-079,Somerv, , ,9999,Unk,Unk,9999,9999, ,9999,-71.1216115214176,42.3967780226672
305,325,0,1,1, ,10/25/1978 12:00:00 AM,0,Proposed,Storm,TB-079,Somerv, , ,9999,Unk,Unk,9999,9999, ,9999,-71.1213542902261,42.396506304192
306,326,0,1,1, ,10/25/1978 12:00:00 AM,0,Proposed,Storm,TB-079,Somerv, , ,9999,Unk,Unk,9999,9999, ,9999,-71.1229928622952,42.3972189660921
307,327,0,1,1, ,10/25/1978 12:00:00 AM,0,Proposed,Storm,TB-079,Somerv, , ,9999,Unk,Unk,9999,9999, ,9999,-71.1231589929844,42.3971643268475
308,328,0,1,0, ,9/9/9999 12:00:00 AM,0,Active,Storm,TB-040,Somerv, , ,9999,Unk,Unk,9999,50.42, ,47.82,-71.110269806112,42.3934953583276
309,329,0,1,0, ,9/9/9999 12:00:00 AM,0,Active,Storm,TB-040,Somerv, , ,9999,Unk,Unk,9999,50.46, ,40.96,-71.1103094012078,42.393441256419
310,330,0,1,0, ,9/9/9999 12:00:00 AM,0,Active,Storm,TB-040,Somerv, , ,9999,Unk,Unk,9999,49.11, ,44.91,-71.1108517171491,42.3936203509924
311,331,0,1,0, ,9/9/9999 12:00:00 AM,0,Active,Storm,TB-040,Somerv, , ,9999,Unk,Unk,9999,49.13, ,45.63,-71.1108424614877,42.393673230521
312,332,0,1,0, ,9/9/9999 12:00:00 AM,0,Active,Storm,TB-040,Somerv, , ,9999,Unk,Unk,9999,48.31, ,44.81,-71.1111497272183,42.3937681899663
313,333,0,1,0, ,9/9/9999 12:00:00 AM,0,Active,Storm,TB-041,Somerv, , ,9999,Unk,Unk,9999,48.92, ,45.82,-71.1093544855951,42.3948225922326
314,334,0,1,0, ,9/9/9999 12:00:00 AM,0,Active,Storm,TB-041,Somerv, , ,9999,Unk,Unk,9999,49.52, ,45.76,-71.1092924801048,42.3948719251991
315,335,0,1,0, ,9/9/9999 12:00:00 AM,0,Active,Storm,TB-041,Somerv, , ,9999,Unk,Unk,9999,49.19, ,46.49,-71.1096467809253,42.3949493537515
316,336,0,1,0, ,9/9/9999 12:00:00 AM,0,Active,Storm,TB-041,Somerv, , ,9999,Unk,Unk,9999,49.36, ,45.76,-71.109620669923,42.395014051317
317,337,0,1,0, ,9/9/9999 12:00:00 AM,0,Active,Storm,TB-041,Somerv, , ,9999,Unk,Unk,9999,9999, ,9999,-71.1102058285162,42.3951761053493
318,338,0,1,0, ,9/9/9999 12:00:00 AM,0,Active,Storm,TB-042,Somerv, , ,9999,Unk,Unk,9999,53.26, ,50.86,-71.1080458125582,42.3941922707929
319,339,0,1,0, ,9/9/9999 12:00:00 AM,0,Active,Storm,TB-042,Somerv, , ,9999,Unk,Unk,9999,53.07, ,50.67,-71.1080862174814,42.3942057497507
320,340,0,1,0, ,9/9/9999 12:00:00 AM,0,Active,Storm,TB-042,Somerv, , ,9999,Unk,Unk,9999,51.44, ,47.64,-71.1083412046226,42.3944400529246
321,341,0,1,0, ,9/9/9999 12:00:00 AM,0,Active,Storm,TB-042,Somerv, , ,9999,Unk,Unk,9999,50.33, ,46.63,-71.1087987864055,42.394651697089
322,342,0,1,0, ,9/9/9999 12:00:00 AM,0,Active,Storm,TB-042,Somerv, , ,9999,Unk,Unk,9999,50.19, ,47.09,-71.1088710192005,42.3946119250167
323,343,0,1,0, ,9/9/9999 12:00:00 AM,0,Active,Storm,TB-043,Somerv, , ,9999,Unk,Unk,9999,68.09, ,63.39,-71.1106007191669,42.3921540220738
324,344,0,1,0, ,9/9/9999 12:00:00 AM,0,Active,Storm,TB-043,Somerv, , ,9999,Unk,Unk,9999,69.55, ,65.05,-71.1109591409038,42.3922977832359
325,345,0,1,0, ,9/9/9999 12:00:00 AM,0,Active,Storm,TB-043,Somerv, , ,9999,Unk,Unk,9999,68.85, ,65.85,-71.1109182389981,42.3923651646866
326,346,0,1,0, ,9/9/9999 12:00:00 AM,0,Active,Storm,TB-043,Somerv, , ,9999,Unk,Unk,9999,69.89, ,65.69,-71.1116046768686,42.3926600841589
327,349,0,1,0, ,9/9/9999 12:00:00 AM,0,Active,Storm,TB-049,Somerv, , ,9999,Unk,Unk,9999,50.58, ,9999,-71.1053188358129,42.3932207600265
328,350,0,1,0, ,9/9/9999 12:00:00 AM,0,Active,Storm,TB-049,Somerv, , ,9999,Unk,Unk,9999,50.47, ,47.97,-71.1052388630918,42.3932662201364
329,351,0,1,0, ,9/9/9999 12:00:00 AM,0,Active,Storm,TB-049,Somerv, , ,9999,Unk,Unk,9999,50.72, ,47.72,-71.1050596344039,42.3931493613067
330,352,0,1,0, ,9/9/9999 12:00:00 AM,0,Active,Storm,TB-049,Somerv, , ,9999,Unk,Unk,9999,50.96, ,47.96,-71.1051114508882,42.3930847529514
331,353,0,1,0, ,9/9/9999 12:00:00 AM,0,Active,Storm,TB-049,Somerv, , ,9999,Unk,Unk,9999,50.97, ,49.27,-71.10503378131,42.3931721397907
332,354,0,1,0, ,9/9/9999 12:00:00 AM,0,Active,Storm,TB-049,Somerv, , ,9999,Unk,Unk,9999,51.15, ,48.65,-71.1049442846033,42.3930956127727
333,355,0,1,0, ,9/9/9999 12:00:00 AM,0,Active,Storm,TB-050,Somerv, , ,9999,Unk,Unk,9999,53.8, ,52.1,-71.104475271286,42.3926595244146
334,356,0,1,0, ,9/9/9999 12:00:00 AM,0,Active,Storm,TB-050,Somerv, , ,9999,Unk,Unk,9999,53.63, ,51.73,-71.1044975971947,42.3927891799428
335,357,0,1,0, ,9/9/9999 12:00:00 AM,0,Active,Storm,TB-050,Somerv, , ,9999,Unk,Unk,9999,53.81, ,52.31,-71.1043900322681,42.3927240175889
336,358,0,1,0, ,9/9/9999 12:00:00 AM,0,Active,Storm,TB-050,Somerv, , ,9999,Unk,Unk,9999,53.76, ,51.16,-71.104380017438,42.3926820641846
337,359,0,1,0, ,9/9/9999 12:00:00 AM,0,Active,Storm,TB-050,Somerv, , ,9999,Unk,Unk,9999,54.17, ,52.73,-71.103968537565,42.3924721421736
338,360,0,1,0, ,9/9/9999 12:00:00 AM,0,Active,Storm,TB-050,Somerv, , ,9999,Unk,Unk,9999,54.87, ,52.87,-71.1038458061909,42.3923659555924
339,361,0,1,0, ,9/9/9999 12:00:00 AM,0,Active,Storm,TB-050,Somerv, , ,9999,Unk,Unk,9999,54.39, ,52.39,-71.1040617543398,42.3923652712449
340,362,0,1,0, ,9/9/9999 12:00:00 AM,0,Active,Storm,TB-050,Somerv, , ,9999,Unk,Unk,9999,61.11, ,57.41,-71.1033308261238,42.3919339933938
341,363,0,1,0, ,9/9/9999 12:00:00 AM,0,Active,Storm,TB-050,Somerv, , ,9999,Unk,Unk,9999,61.24, ,9999,-71.1032724788396,42.3920152551385
342,364,0,1,0, ,9/9/9999 12:00:00 AM,0,Active,Storm,TB-050,Somerv, , ,9999,Unk,Unk,9999,54.93, ,51.83,-71.1033800354252,42.3920813723953
343,365,0,1,0, ,9/9/9999 12:00:00 AM,0,Active,Storm,TB-051,Somerv, , ,9999,Unk,Unk,9999,69.46, ,9999,-71.1022120614093,42.3913998957846
344,366,0,1,0, ,9/9/9999 12:00:00 AM,0,Active,Storm,TB-051,Somerv, , ,9999,Unk,Unk,9999,69.67, ,66.84,-71.1021787930045,42.39147838848
345,367,0,1,0, ,9/9/9999 12:00:00 AM,0,Active,Storm,TB-051,Somerv, , ,9999,Unk,Unk,9999,66.79, ,63.69,-71.102667665815,42.3916129917932
346,368,0,1,0, ,9/9/9999 12:00:00 AM,0,Active,Storm,TB-051,Somerv, , ,9999,Unk,Unk,9999,66.52, ,59.32,-71.1027131387251,42.3917403461686
347,369,0,1,0, ,9/9/9999 12:00:00 AM,0,Active,Storm,TB-051,Somerv, , ,9999,Unk,Unk,9999,67.24, ,9999,-71.102576642783,42.3916784239389
348,370,0,1,0, ,9/9/9999 12:00:00 AM,0,Active,Storm,TB-052,Somerv, , ,9999,Unk,Unk,9999,53.12, ,50.52,-71.1092171221486,42.3939417383585
349,371,0,1,0, ,9/9/9999 12:00:00 AM,0,Active,Storm,TB-052,Somerv, , ,9999,Unk,Unk,9999,51.43, ,49.32,-71.1099597105561,42.3942627342259
350,372,0,1,0, ,9/9/9999 12:00:00 AM,0,Active,Storm,TB-052,Somerv, , ,9999,Unk,Unk,9999,51.26, ,49.15,-71.1100164345062,42.3941845557202
351,373,0,1,0, ,9/9/9999 12:00:00 AM,0,Active,Storm,TB-052,Somerv, , ,9999,Unk,Unk,9999,47.4, ,45.29,-71.110653587907,42.3944601658888
352,374,0,1,0, ,9/9/9999 12:00:00 AM,0,Active,Storm,TB-052,Somerv, , ,9999,Unk,Unk,9999,47.28, ,45.12,-71.1105991083691,42.3945400167629
353,375,0,1,0, ,9/9/9999 12:00:00 AM,0,Active,Storm,TB-043,Somerv, , ,9999,Unk,Unk,9999,50.35, ,42.88,-71.1086500370803,42.3937042507071
354,376,0,1,0, ,9/9/9999 12:00:00 AM,0,Active,Storm,TB-053,Somerv, , ,9999,Unk,Unk,9999,50.38, ,42.18,-71.1087327466213,42.3936321212637
355,377,0,1,0, ,11/27/1989 12:00:00 AM,0,Active,Storm,TB-054,Somerv, , ,9999,Unk,Unk,9999,9999, ,9999,-71.1037422717795,42.3960882177895
356,378,0,1,0, ,11/27/1989 12:00:00 AM,0,Active,Storm,TB-054,Somerv, , ,9999,Unk,Unk,9999,9999, ,64.69,-71.1042942984385,42.3954326851698
357,379,0,1,0, ,11/27/1989 12:00:00 AM,0,Active,Storm,TB-054,Somerv, , ,9999,Unk,Unk,9999,9999, ,64.71,-71.1043904468286,42.3954735135013
358,380,0,1,0, ,11/27/1989 12:00:00 AM,0,Active,Storm,TB-055,Somerv, , ,9999,Unk,Unk,9999,9999, ,59.15,-71.1050532105714,42.3943229037241
359,381,0,1,0, ,11/27/1989 12:00:00 AM,0,Active,Storm,TB-055,Somerv, , ,9999,Unk,Unk,9999,9999, ,59.3,-71.1052206742821,42.3942663103316
360,382,0,1,0, ,11/27/1989 12:00:00 AM,0,Active,Storm,TB-055,Somerv, , ,9999,Unk,Unk,9999,9999, ,59.53,-71.1051589749855,42.3943685209653
361,383,0,1,0, ,11/27/1989 12:00:00 AM,0,Active,Storm,TB-056,Somerv, , ,9999,Unk,Unk,9999,9999, ,50.63,-71.1055608431682,42.3937613572919
362,384,0,1,0, ,11/27/1989 12:00:00 AM,0,Active,Storm,TB-056,Somerv, , ,9999,Unk,Unk,9999,9999, ,50.83,-71.105452435971,42.393726928091
363,385,0,1,0, ,1/1/1979 12:00:00 AM,0,Proposed,Storm,TB-057,Somerv, , ,9999,Unk,Unk,9999,77.55, ,9999,-71.1041369559449,42.397182714199
364,386,0,1,0, ,1/1/1979 12:00:00 AM,0,Proposed,Storm,TB-058,Somerv, , ,9999,Unk,Unk,9999,90.21, ,87.71,-71.1032248810206,42.3969191930076
365,387,0,1,0, ,1/1/1979 12:00:00 AM,0,Proposed,Storm,TB-058,Somerv, , ,9999,Unk,Unk,9999,103.32, ,99.07,-71.1023428367103,42.3966404104211
366,388,0,1,0, ,9/9/9999 12:00:00 AM,0,Active,Storm,TB-059,Somerv, , ,9999,Unk,Unk,9999,9999, ,9999,-71.106751236651,42.3950806738149
367,389,0,1,0, ,9/9/9999 12:00:00 AM,0,Active,Storm,TB-059,Somerv, , ,9999,Unk,Unk,9999,9999, ,9999,-71.1066551465973,42.3950303217857
368,390,0,1,0, ,12/14/1990 12:00:00 AM,0,Active,Storm,TB-059,Somerv, , ,9999,Unk,Unk,9999,9999, ,9999,-71.1066621056739,42.3949445935462
369,391,0,1,0, ,12/14/1990 12:00:00 AM,0,Active,Storm,TB-059,Somerv, , ,9999,Unk,Unk,9999,9999, ,9999,-71.1062770033033,42.3948599124083
370,392,0,1,0, ,12/14/1990 12:00:00 AM,0,Active,Storm,TB-059,Somerv, , ,9999,Unk,Unk,9999,9999, ,9999,-71.1063224211219,42.394790986036
371,393,0,1,0, ,9/9/9999 12:00:00 AM,0,Active,Storm,TB-059,Somerv, , ,9999,Unk,Unk,9999,9999, ,9999,-71.1059180583416,42.3947038499263
372,394,0,1,0, ,12/14/1990 12:00:00 AM,0,Active,Storm,TB-059,Somerv, , ,9999,Unk,Unk,9999,9999, ,9999,-71.1059314884632,42.3946109994792
373,395,0,1,0, ,1/1/1981 12:00:00 AM,0,Proposed,Storm,TB-061,Somerv, , ,9999,Unk,Unk,9999,72.55, ,68.53,-71.1037886957602,42.3964657185101
374,396,0,1,0, ,1/1/1981 12:00:00 AM,0,Proposed,Storm,TB-061,Somerv, , ,9999,Unk,Unk,9999,72.58, ,69.63,-71.1036138365709,42.3964981175735
375,397,0,1,0, ,1/1/1981 12:00:00 AM,0,Proposed,Storm,TB-061,Somerv, , ,9999,Unk,Unk,9999,72.72, ,68.75,-71.1036392762379,42.3962646742039
376,398,0,1,0, ,1/1/1981 12:00:00 AM,0,Proposed,Storm,TB-061,Somerv, , ,9999,Unk,Unk,9999,73.01, ,69.11,-71.1034610046893,42.3962945197699
377,399,0,1,0, ,1/1/1981 12:00:00 AM,0,Proposed,Storm,TB-061,Somerv, , ,9999,Unk,Unk,9999,9999, ,9999,-71.1030495718064,42.3958234913323
378,400,0,1,0, ,1/1/1981 12:00:00 AM,0,Proposed,Storm,TB-061,Somerv, , ,9999,Unk,Unk,9999,76.2, ,72.1,-71.102975079055,42.3956887006492
379,401,0,1,0, ,1/1/1981 12:00:00 AM,0,Proposed,Storm,TB-061,Somerv, , ,9999,Unk,Unk,9999,75.85, ,71.5,-71.1031024724025,42.3955799895158
380,402,0,1,0, ,3/1/1983 12:00:00 AM,0,Proposed,Storm,TB-062,Somerv, , ,9999,Unk,Unk,9999,9999, ,9999,-71.1032712832068,42.3944589323578
381,403,0,1,0, ,3/1/1983 12:00:00 AM,0,Proposed,Storm,TB-062,Somerv, , ,9999,Unk,Unk,9999,9999, ,9999,-71.1032012234107,42.3944340374809
382,404,0,1,0, ,3/1/1983 12:00:00 AM,0,Proposed,Storm,TB-062,Somerv, , ,9999,Unk,Unk,9999,9999, ,9999,-71.1037707729848,42.3937758276027
383,405,0,1,0, ,3/1/1983 12:00:00 AM,0,Proposed,Storm,TB-062,Somerv, , ,9999,Unk,Unk,9999,9999, ,9999,-71.1036561598902,42.3937836528021
384,406,0,1,0, ,1/1/1981 12:00:00 AM,0,Proposed,Storm,TB-063,Somerv, , ,9999,Unk,Unk,9999,68.65, ,64.65,-71.1023855476211,42.3926480140907
385,407,0,1,0, ,1/1/1981 12:00:00 AM,0,Proposed,Storm,TB-063,Somerv, , ,9999,Unk,Unk,9999,68.73, ,64.73,-71.1024758492874,42.392595920962
386,408,0,1,0, ,1/1/1981 12:00:00 AM,0,Proposed,Storm,TB-063,Somerv, , ,9999,Unk,Unk,9999,70.19, ,66.19,-71.1022927940975,42.3923237433166
387,409,0,1,0, ,1/1/1981 12:00:00 AM,0,Proposed,Storm,TB-063,Somerv, , ,9999,Unk,Unk,9999,9999, ,9999,-71.1021579328106,42.3923066004359
388,410,0,1,0, ,1/1/1981 12:00:00 AM,0,Proposed,Storm,TB-063,Somerv, , ,9999,Unk,Unk,9999,70.55, ,66.55,-71.1021027543582,42.3923945432174
389,411,0,1,0, ,9/9/9999 12:00:00 AM,0,Active,Storm,TB-064,Somerv, , ,9999,Unk,Unk,9999,9999, ,9999,-71.101132240793,42.3921482220834
390,412,0,1,0, ,1/1/1981 12:00:00 AM,0,Proposed,Storm,TB-064,Somerv, , ,9999,Unk,Unk,9999,71.62, ,67.62,-71.1018388342306,42.3922054558135
391,413,0,1,0, ,1/1/1981 12:00:00 AM,0,Proposed,Storm,TB-064,Somerv, , ,9999,Unk,Unk,9999,71.66, ,67.66,-71.1017708561945,42.39228382187
392,414,0,1,0, ,1/30/1981 12:00:00 AM,0,Proposed,Storm,TB-065,Somerv, , ,9999,Unk,Unk,9999,70.54, ,66.54,-71.1023868323143,42.392188292537
393,415,0,1,0, ,1/30/1981 12:00:00 AM,0,Proposed,Storm,TB-065,Somerv, , ,9999,Unk,Unk,9999,70.5, ,66.5,-71.1022777859972,42.3921545687087
394,416,0,1,0, ,9/9/9999 12:00:00 AM,0,Proposed,Storm,TB-066,Somerv, ,DRAIN STRUCTURE,9999,Unk,Unk,9999,67.46, ,62.62,-71.1026158695188,42.3929479785635
395,417,0,1,0, ,9/9/9999 12:00:00 AM,0,Proposed,Storm,TB-066,Somerv, , ,9999,Unk,Unk,9999,66.86, ,62.86,-71.1027054316912,42.393014981756
396,418,0,1,0, ,9/9/9999 12:00:00 AM,0,Proposed,Storm,TB-066,Somerv, , ,9999,Unk,Unk,9999,66.25, ,62.25,-71.1028266892565,42.3926902594186
397,419,0,1,0, ,9/9/9999 12:00:00 AM,0,Proposed,Storm,TB-066,Somerv, , ,9999,Unk,Unk,9999,66.25, ,62.25,-71.1029164730244,42.3927205809116
398,420,0,1,0, ,9/9/9999 12:00:00 AM,0,Proposed,Storm,TB-066,Somerv, , ,9999,Unk,Unk,9999,65.14, ,61.14,-71.1030445766509,42.3923808761357
399,421,0,1,0, ,9/9/9999 12:00:00 AM,0,Proposed,Storm,TB-066,Somerv, , ,9999,Unk,Unk,9999,65.14, ,61.14,-71.1031298292448,42.392416181639
400,422,0,1,0, ,9/9/9999 12:00:00 AM,0,Proposed,Storm,TB-066,Somerv, , ,9999,Unk,Unk,9999,67.22, ,63.22,-71.1026572470082,42.3928063920378
401,423,0,1,0, ,1/1/1981 12:00:00 AM,0,Proposed,Storm,TB-067,Somerv, , ,9999,Unk,Unk,9999,9999, ,74.41,-71.1021523202451,42.3938038335873
402,424,0,1,0, ,1/1/1981 12:00:00 AM,0,Proposed,Storm,TB-067,Somerv, , ,9999,Unk,Unk,9999,9999, ,9999,-71.1022004283585,42.3935124428535
403,425,0,1,0, ,1/1/1981 12:00:00 AM,0,Proposed,Storm,TB-067,Somerv, , ,9999,Unk,Unk,9999,9999, ,69,-71.1023079144532,42.3935899944507
404,426,0,1,0, ,1/1/1981 12:00:00 AM,0,Proposed,Storm,TB-067,Somerv, , ,9999,Unk,Unk,9999,9999, ,66.68,-71.1023052313144,42.3934041858099
405,427,0,1,0, ,1/1/1981 12:00:00 AM,0,Proposed,Storm,TB-067,Somerv, , ,9999,Unk,Unk,9999,9999, ,66.45,-71.1024090726053,42.3934474238872
406,429,0,1,0, ,2/2/1981 12:00:00 AM,0,Proposed,Storm,TB-070,Somerv, , ,9999,Unk,Unk,9999,9999, ,9999,-71.114397145283,42.3938258637133
407,430,0,1,0, ,9/9/9999 12:00:00 AM,0,Active,Storm,TB-071,Somerv, , ,9999,Unk,Unk,9999,9999, ,9999,-71.1196607325232,42.3971699940607
408,431,0,1,0, ,9/9/9999 12:00:00 AM,0,Active,Storm,TB-071,Somerv, , ,9999,Unk,Unk,9999,9999, ,9999,-71.1198715624902,42.3968467410864
409,432,0,1,0, ,9/9/9999 12:00:00 AM,0,Active,Storm,TB-071,Somerv, , ,9999,Unk,Unk,9999,9999, ,9999,-71.1199721616389,42.3966851017453
410,433,0,1,0, ,9/9/9999 12:00:00 AM,0,Active,Storm,TB-071,Somerv, , ,9999,Unk,Unk,9999,9999, ,9999,-71.1198243631258,42.396679844233
411,621,0,1,1, ,9/9/9999 12:00:00 AM,0,Proposed,Storm,TB-036,Somerv, , ,9999,Unk,Unk,9999,9999, ,9999,-71.1236624207843,42.3963021493961
412,622,0,1,1, ,9/9/9999 12:00:00 AM,0,Proposed,Storm,TB-036,Somerv, , ,9999,Unk,Unk,9999,9999, ,9999,-71.1239970754199,42.3963485167693
413,434,0,1,0, ,3/1/1982 12:00:00 AM,0,Active,Storm,TB-071,Somerv, , ,9999,Unk,Unk,9999,9999, ,9999,-71.1208505093395,42.3971035453602
414,435,0,1,0, ,3/1/1982 12:00:00 AM,0,Active,Storm,TB-071,Somerv, , ,9999,Unk,Unk,9999,9999, ,9999,-71.1204138631252,42.3970175767229
415,436,0,1,0, ,3/1/1982 12:00:00 AM,0,Active,Storm,TB-072,Somerv, , ,9999,Unk,Unk,9999,9999,<Null>,9999,-71.1204598802079,42.3969501000344
416,437,0,1,0, ,3/1/1982 12:00:00 AM,0,Active,Storm,TB-073,Somerv, , ,9999,Unk,Unk,9999,9999, ,9999,-71.1195490829164,42.3965942580366
417,438,0,1,0, ,3/1/1982 12:00:00 AM,0,Active,Storm,TB-073,Somerv, , ,9999,Unk,Unk,9999,9999, ,9999,-71.1194668389166,42.3966521591413
418,439,0,1,0, ,3/1/1982 12:00:00 AM,0,Active,Storm,TB-073,Somerv, , ,9999,Unk,Unk,9999,9999, ,9999,-71.1188138110183,42.3963035075381
419,440,0,1,0, ,3/1/1982 12:00:00 AM,0,Active,Storm,TB-073,Somerv, , ,9999,Unk,Unk,9999,9999, ,9999,-71.1187622637198,42.3963640385278
420,441,0,1,0, ,3/1/1982 12:00:00 AM,0,Active,Storm,TB-073,Somerv, , ,9999,Unk,Unk,9999,9999, ,9999,-71.1179390853382,42.3959414728033
421,442,0,1,0, ,3/1/1982 12:00:00 AM,0,Active,Storm,TB-073,Somerv, , ,9999,Unk,Unk,9999,9999, ,9999,-71.1178806228134,42.396017152684
422,443,0,1,0, ,4/3/1992 12:00:00 AM,0,Proposed,Storm,TB-074,Somerv, , ,9999,Unk,Unk,9999,9999, ,9999,-71.1242794074845,42.4011837254433
423,444,0,1,0, ,4/2/1992 12:00:00 AM,0,Proposed,Storm,TB-074,Somerv, , ,9999,Unk,Unk,9999,9999, ,9999,-71.1241807004245,42.4011367149805
424,445,0,1,0, ,4/3/1992 12:00:00 AM,0,Proposed,Storm,TB-074,Somerv, , ,9999,Unk,Unk,9999,9999, ,9999,-71.1248781124118,42.400378657441
425,446,0,1,0, ,4/3/1992 12:00:00 AM,0,Proposed,Storm,TB-074,Somerv, , ,9999,Unk,Unk,9999,9999, ,9999,-71.1247883468279,42.400341682614
426,447,0,1,0, ,9/9/9999 12:00:00 AM,0,Active,Storm,TB-022,Somerv, , ,9999,Unk,Unk,9999,9999, ,9999,-71.1212142223124,42.3979368151188
427,448,0,1,0, ,9/9/9999 12:00:00 AM,0,Active,Storm,TB-022,Somerv, , ,9999,Unk,Unk,9999,9999, ,9999,-71.1205852311665,42.3975887137925
428,449,0,1,0, ,9/9/9999 12:00:00 AM,0,Active,Storm,TB-022,Somerv, , ,9999,Unk,Unk,9999,9999, ,9999,-71.1205261291647,42.3976632853654
429,450,0,1,0, ,9/1/1977 12:00:00 AM,0,Active,Storm,TB-023,Somerv, , ,9999,Unk,Unk,9999,35.13, ,32.63,-71.1176465957755,42.3964174473644
430,451,0,1,0, ,9/9/9999 12:00:00 AM,0,Active,Storm,TB-023,Somerv, , ,9999,Unk,Unk,9999,9999, ,9999,-71.1175762479024,42.3964988620063
431,452,0,1,0, ,9/9/9999 12:00:00 AM,0,Active,Storm,TB-023,Somerv, , ,9999,Unk,Unk,9999,9999, ,9999,-71.1179193588393,42.396627448509
432,453,0,1,0, ,9/9/9999 12:00:00 AM,0,Active,Storm,TB-025,Somerv, , ,9999,Unk,Unk,9999,9999, ,9999,-71.1165303464876,42.3960808080925
433,454,0,1,0, ,9/9/9999 12:00:00 AM,0,Active,Storm,TB-025,Somerv, , ,9999,Unk,Unk,9999,9999, ,9999,-71.1165855658559,42.3959833328004
434,455,0,1,0, ,9/9/9999 12:00:00 AM,0,Active,Storm,TB-025,Somerv, , ,9999,Unk,Unk,9999,9999, ,9999,-71.1166777967608,42.3961432302522
435,456,0,1,0, ,9/9/9999 12:00:00 AM,0,Active,Storm,TB-025,Somerv, , ,9999,Unk,Unk,9999,9999, ,9999,-71.1174247688968,42.3964410881168
436,457,0,1,0, ,9/9/9999 12:00:00 AM,0,Active,Storm,TB-025,Somerv, , ,9999,Unk,Unk,9999,9999, ,9999,-71.1174799872395,42.3963436060021
437,458,0,1,0, ,9/9/9999 12:00:00 AM,0,Active,Storm,TB-026,Somerv, , ,9999,Unk,Unk,9999,9999, ,9999,-71.1142813067641,42.3953980499972
438,459,0,1,0, ,9/9/9999 12:00:00 AM,0,Active,Storm,TB-026,Somerv, , ,9999,Unk,Unk,9999,9999, ,9999,-71.1141400972417,42.3953666111296
439,460,0,1,0, ,9/9/9999 12:00:00 AM,0,Active,Storm,TB-026,Somerv, , ,9999,Unk,Unk,9999,9999, ,9999,-71.1143206974557,42.3952624064478
440,461,0,1,0, ,9/9/9999 12:00:00 AM,0,Active,Storm,TB-026,Somerv, , ,9999,Unk,Unk,9999,9999, ,9999,-71.1150129198995,42.3955767668534
441,462,0,1,0, ,9/9/9999 12:00:00 AM,0,Active,Storm,TB-026,Somerv, , ,9999,Unk,Unk,9999,9999, ,9999,-71.1148619986051,42.3955572037135
442,463,0,1,0, ,9/9/9999 12:00:00 AM,0,Active,Storm,TB-026,Somerv, , ,9999,Unk,Unk,9999,9999, ,9999,-71.1150137611625,42.3954386126363
443,464,0,1,0, ,9/9/9999 12:00:00 AM,0,Active,Storm,TB-026,Somerv, , ,9999,Unk,Unk,9999,9999, ,9999,-71.1156033985175,42.3957121348945
444,465,0,1,0, ,9/9/9999 12:00:00 AM,0,Active,Storm,TB-026,Somerv, , ,9999,Unk,Unk,9999,9999, ,9999,-71.114686469432,42.3953565281564
445,466,0,1,0, ,9/9/9999 12:00:00 AM,0,Abandoned,Storm,TB-026,Somerv, , ,9999,Unk,Unk,9999,9999, ,9999,-71.1159062843373,42.3955797521645
446,467,0,1,0, ,9/9/9999 12:00:00 AM,0,Abandoned,Storm,TB-026,Somerv, , ,9999,Unk,Unk,9999,9999, ,9999,-71.1157555654235,42.3955268439501
447,468,0,1,0, ,9/9/9999 12:00:00 AM,0,Active,Storm,TB-027,Somerv, , ,9999,Unk,Unk,9999,9999, ,9999,-71.1136810368285,42.3950907221748
448,469,0,1,0, ,9/9/9999 12:00:00 AM,0,Active,Storm,TB-027,Somerv, , ,9999,Unk,Unk,9999,9999, ,9999,-71.1135591449583,42.3952110826922
449,470,0,1,0, ,9/9/9999 12:00:00 AM,0,Active,Storm,TB-027,Somerv, , ,9999,Unk,Unk,9999,9999, ,9999,-71.1133380784944,42.3951545997025
450,471,0,1,0, ,9/9/9999 12:00:00 AM,0,Active,Storm,TB-027,Somerv, , ,9999,Unk,Unk,9999,9999, ,9999,-71.1133556234751,42.3950184093307
451,472,0,1,0, ,9/1/1977 12:00:00 AM,0,Active,Storm,TB-028,Somerv, , ,9999,Unk,Unk,9999,9999, ,9999,-71.112273610884,42.3956991138007
452,473,0,1,0, ,9/1/1977 12:00:00 AM,0,Active,Storm,TB-028,Somerv, , ,9999,Unk,Unk,9999,9999, ,9999,-71.1121526735795,42.3956646487325
453,474,0,1,0, ,9/1/1977 12:00:00 AM,0,Active,Storm,TB-028,Somerv, , ,9999,Unk,Unk,9999,9999, ,9999,-71.1115684938126,42.3955511975501
454,475,0,1,0, ,9/1/1977 12:00:00 AM,0,Active,Storm,TB-028,Somerv, , ,9999,Unk,Unk,9999,9999, ,9999,-71.1114601183576,42.395510577218
455,476,0,1,0, ,9/9/9999 12:00:00 AM,0,Active,Storm,TB-028,Somerv, , ,9999,Unk,Unk,9999,9999, ,9999,-71.1127478397747,42.3950070765947
456,477,0,1,0, ,9/9/9999 12:00:00 AM,0,Active,Storm,TB-028,Somerv, , ,9999,Unk,Unk,9999,9999, ,9999,-71.1126018782475,42.3949663308396
457,478,0,1,0, ,9/9/9999 12:00:00 AM,0,Active,Storm,TB-028,Somerv, , ,9999,Unk,Unk,9999,9999, ,9999,-71.1126860921346,42.3948582319819
458,479,0,1,0, ,9/9/9999 12:00:00 AM,0,Active,Storm,TB-028,Somerv, , ,9999,Unk,Unk,9999,9999, ,9999,-71.1120764585168,42.3948305456922
459,480,0,1,0, ,9/9/9999 12:00:00 AM,0,Active,Storm,TB-028,Somerv, , ,9999,Unk,Unk,9999,9999, ,9999,-71.1120479078165,42.3946950579385
460,481,0,1,0, ,9/9/9999 12:00:00 AM,0,Active,Storm,TB-028,Somerv, , ,9999,Unk,Unk,9999,9999, ,9999,-71.1119238233053,42.3948007876573
461,484,0,1,0, ,9/9/9999 12:00:00 AM,0,Active,Storm,TB-028,Somerv, , ,9999,Unk,Unk,9999,9999, ,9999,-71.1114096592946,42.3945442675907
462,485,0,1,0, ,9/9/9999 12:00:00 AM,0,Active,Storm,TB-028,Somerv, , ,9999,Unk,Unk,9999,9999, ,9999,-71.1109216481526,42.3944187566997
463,486,0,1,0, ,9/9/9999 12:00:00 AM,0,Abandoned,Storm,TB-028/TB-033,Somerv, , ,9999,Unk,Unk,9999,46.55, ,42.85,-71.1109072934032,42.3943753552202
464,487,0,1,0, ,9/1/1977 12:00:00 AM,0,Active,Storm,TB-028,Somerv, , ,9999,Unk,Unk,9999,46.98, ,9999,-71.1108729260297,42.3945300663747
465,488,0,1,0, ,9/9/9999 12:00:00 AM,0,Active,Storm,TB-044,Somerv, , ,9999,Unk,Unk,9999,65.77, ,61.37,-71.1090641180903,42.3913769919262
466,489,0,1,0, ,9/9/9999 12:00:00 AM,0,Active,Storm,TB-044,Somerv, , ,9999,Unk,Unk,9999,65.54, ,62.04,-71.1090769977234,42.391477076584
467,490,0,1,0, ,9/9/9999 12:00:00 AM,0,Active,Storm,TB-044,Somerv, , ,9999,Unk,Unk,9999,66.58, ,62.28,-71.1097052238252,42.3917359916744
468,491,0,1,0, ,9/9/9999 12:00:00 AM,0,Active,Storm,TB-044,Somerv, , ,9999,Unk,Unk,9999,66.76, ,9999,-71.110064291877,42.3918722677423
469,492,0,1,0, ,9/9/9999 12:00:00 AM,0,Active,Storm,TB-044,Somerv, , ,9999,Unk,Unk,9999,65.79, ,62.09,-71.1100432672486,42.3919989200672
470,494,0,1,0, ,9/9/9999 12:00:00 AM,0,Active,Storm,TB-044,Somerv, , ,9999,Unk,Unk,9999,64.91, ,62.72,-71.1097919432799,42.391910504296
471,495,0,1,0, ,9/9/9999 12:00:00 AM,0,Active,Storm,TB-045,Somerv, , ,9999,Unk,Unk,9999,64.54, ,61.34,-71.1085972699784,42.3912875658055
472,496,0,1,0, ,9/9/9999 12:00:00 AM,0,Active,Storm,TB-045,Somerv, , ,9999,Unk,Unk,9999,65.06, ,62.06,-71.1086855433992,42.39122993616
473,497,0,1,0, ,9/9/9999 12:00:00 AM,0,Active,Storm,TB-045,Somerv, , ,9999,Unk,Unk,9999,64.53, ,9999,-71.1084419166154,42.3911349689359
474,498,0,1,0, ,9/9/9999 12:00:00 AM,0,Active,Storm,TB-045,Somerv, , ,9999,Unk,Unk,9999,64.56, ,9999,-71.1083853442615,42.3911999531271
475,499,0,1,0, ,9/9/9999 12:00:00 AM,0,Active,Storm,TB-044,Somerv, , ,9999,Unk,Unk,9999,64.77, ,61.47,-71.1081514517352,42.3911104471399
476,500,0,1,0, ,9/9/9999 12:00:00 AM,0,Active,Storm,TB-045,Somerv, , ,9999,Unk,Unk,9999,64.82, ,61.12,-71.1082031474554,42.3910436411498
477,501,0,1,0, ,9/9/9999 12:00:00 AM,0,Active,Storm,TB-045,Somerv, , ,9999,Unk,Unk,9999,70.47, ,66.87,-71.1072578761233,42.3906747350571
478,502,0,1,0, ,9/9/9999 12:00:00 AM,0,Active,Storm,TB-045,Somerv, , ,9999,Unk,Unk,9999,70.04, ,66.04,-71.1072646345859,42.3907670848827
479,503,0,1,0, ,9/9/9999 12:00:00 AM,0,Active,Storm,TB-045,Somerv, , ,9999,Unk,Unk,9999,9999, ,9999,-71.1076450348342,42.390791550722
480,504,0,1,0, ,9/9/9999 12:00:00 AM,0,Active,Storm,TB-045,Somerv, , ,9999,Unk,Unk,9999,9999, ,9999,-71.1075104356111,42.3907324896092
481,505,0,1,0, ,9/9/9999 12:00:00 AM,0,Active,Storm,TB-045,Somerv, , ,9999,Unk,Unk,9999,9999, ,9999,-71.1074307960961,42.3908279760521
482,506,0,1,0, ,9/9/9999 12:00:00 AM,0,Active,Storm,TB-046,Somerv, , ,9999,Unk,Unk,9999,82.02, ,79.02,-71.1057449354894,42.3901790743766
483,507,0,1,0, ,9/9/9999 12:00:00 AM,0,Active,Storm,TB-046,Somerv, , ,9999,Unk,Unk,9999,82.11, ,78.81,-71.1056828128856,42.3902474632064
484,508,0,1,0, ,9/9/9999 12:00:00 AM,0,Active,Storm,TB-046,Somerv, , ,9999,Unk,Unk,9999,80.83, ,78.33,-71.1061970744032,42.3903292596972
485,509,0,1,0, ,9/9/9999 12:00:00 AM,0,Active,Storm,TB-046,Somerv, , ,9999,Unk,Unk,9999,80.6, ,77.1,-71.1061850213684,42.3904078197559
486,510,0,1,0, ,9/9/9999 12:00:00 AM,0,Active,Storm,TB-046,Somerv, , ,9999,Unk,Unk,9999,76.98, ,73.08,-71.1067261474127,42.3905111454433
487,511,0,1,0, ,9/9/9999 12:00:00 AM,0,Active,Storm,TB-046,Somerv, , ,9999,Unk,Unk,9999,77.48, ,75.68,-71.1066698649498,42.390570982748
488,512,0,1,0, ,9/9/9999 12:00:00 AM,0,Active,Storm,TB-047,Somerv, , ,9999,Unk,Unk,9999,83.01, ,80.51,-71.1043125070439,42.3897039514718
489,513,0,1,0, ,9/9/9999 12:00:00 AM,0,Active,Storm,TB-047,Somerv, , ,9999,Unk,Unk,9999,83.09, ,79.89,-71.1042734382611,42.3897852800489
490,514,0,1,0, ,9/9/9999 12:00:00 AM,0,Active,Storm,TB-047,Somerv, , ,9999,Unk,Unk,9999,83.02, ,80.72,-71.1046589031831,42.3898066107179
491,515,0,1,0, ,9/9/9999 12:00:00 AM,0,Active,Storm,TB-047,Somerv, , ,9999,Unk,Unk,9999,82.95, ,80.65,-71.1048166778932,42.3898586039796
492,516,0,1,0, ,9/9/9999 12:00:00 AM,0,Active,Storm,TB-047,Somerv, , ,9999,Unk,Unk,9999,82.97, ,79.67,-71.1047660197299,42.3899427545208
493,517,0,1,0, ,9/9/9999 12:00:00 AM,0,Active,Storm,TB-047,Somerv, , ,9999,Unk,Unk,9999,82.87, ,78.67,-71.1051302222573,42.3899740165866
494,518,0,1,0, ,9/9/9999 12:00:00 AM,0,Active,Storm,TB-047,Somerv, , ,9999,Unk,Unk,9999,82.76, ,80.16,-71.1050834692752,42.390051036255
495,519,0,1,0, ,9/9/9999 12:00:00 AM,0,Active,Storm,TB-048,Somerv, ,DRAIN STRUCTURE,9999,Unk,Unk,9999,82.91, ,9999,-71.1038709728997,42.3895552228048
496,520,0,1,0, ,9/9/9999 12:00:00 AM,0,Active,Storm,TB-048,Somerv, , ,9999,Unk,Unk,9999,83.24, ,80.14,-71.1037491073074,42.3896191157056
497,521,0,1,0, ,9/9/9999 12:00:00 AM,0,Active,Storm,TB-048,Somerv, , ,9999,Unk,Unk,9999,83.28, ,79.68,-71.103707476453,42.3894932025133
498,522,0,1,0, ,9/9/9999 12:00:00 AM,0,Active,Storm,TB-048,Somerv, , ,9999,Unk,Unk,9999,9999, ,9999,-71.1029437284279,42.3892290238648
499,523,0,1,0, ,9/9/9999 12:00:00 AM,0,Active,Storm,TB-061,Somerv, , ,9999,Unk,Unk,9999,9999, ,9999,-71.1026790797058,42.3953516744549
500,524,0,1,0, ,9/9/9999 12:00:00 AM,0,Active,Storm,TB-061,Somerv, , ,9999,Unk,Unk,9999,9999, ,9999,-71.1025946702607,42.3952091222996
501,525,0,1,0, ,9/9/9999 12:00:00 AM,0,Active,Storm,TB-074,Somerv, , ,9999,Unk,Unk,9999,9999, ,9999,-71.1244893158821,42.4007216067543
502,526,0,1,0, ,9/9/9999 12:00:00 AM,0,Active,Storm,TB-074,Somerv, , ,9999,Unk,Unk,9999,9999, ,9999,-71.1245932269844,42.4007591016852
503,527,0,1,0, ,2/2/1981 12:00:00 AM,0,Proposed,Storm,TB-069,Somerv, , ,9999,Unk,Unk,9999,9999, ,9999,-71.1268266944881,42.4015613703487
504,528,0,1,0, ,2/2/1981 12:00:00 AM,0,Active,Storm,TB-068,Somerv, , ,9999,Unk,Unk,9999,9999, ,9999,-71.1272071616318,42.401205889981
505,529,0,1,0, ,2/2/1981 12:00:00 AM,0,Active,Storm,TB-068,Somerv, , ,9999,Unk,Unk,9999,9999, ,9999,-71.127126637767,42.4011788184703
506,530,0,1,0, ,9/9/9999 12:00:00 AM,0,Active,Storm,TB-068,Somerv, , ,9999,Unk,Unk,9999,9999, ,9999,-71.1276070081004,42.4008649006563
507,531,0,1,0, ,9/9/9999 12:00:00 AM,0,Active,Storm,TB-068,Somerv, , ,9999,Unk,Unk,9999,9999, ,9999,-71.1275210313502,42.4008192594215
508,532,0,1,0, ,9/9/9999 12:00:00 AM,0,Active,Storm,TB-033,Somerv, , ,9999,Unk,Unk,9999,46.52, ,44.12,-71.1107885388732,42.3943488086936
509,533,0,1,0, ,9/1/1977 12:00:00 AM,0,Active,Storm,TB-033,Somerv, , ,9999,Unk,Unk,9999,46.92, ,42.62,-71.1107649693937,42.3945760886533
510,534,0,1,0, ,9/9/9999 12:00:00 AM,0,Active,Storm,TB-033,Somerv, , ,9999,Unk,Unk,9999,47.06, ,43.86,-71.1106393508253,42.394570183745
511,535,0,1,0, ,9/1/1977 12:00:00 AM,0,Active,Storm,TB-034,Somerv, , ,9999,Unk,Unk,9999,47.28, ,43.88,-71.1093817159005,42.3965478074945
512,536,0,1,0, ,9/1/1977 12:00:00 AM,0,Active,Storm,TB-034,Somerv, , ,9999,Unk,Unk,9999,44.45, ,44.05,-71.1093009936449,42.396454393811
513,537,0,1,0, ,9/1/1977 12:00:00 AM,0,Active,Storm,TB-034,Somerv, ,DRAIN STRUCTURE,9999,Unk,Unk,9999,9999, ,9999,-71.1092197888775,42.3964376846857
514,538,0,1,0, ,9/1/1977 12:00:00 AM,0,Active,Storm,TB-034,Somerv, , ,9999,Unk,Unk,9999,44.67, ,42.27,-71.1096278848043,42.3961843169265
515,539,0,1,0, ,9/9/9999 12:00:00 AM,0,Active,Storm,TB-034,Somerv, , ,9999,Unk,Unk,9999,44.65, ,41.45,-71.1095320296275,42.3961456385879
516,540,0,1,0, ,9/1/1977 12:00:00 AM,0,Active,Storm,TB-034,Somerv, , ,9999,Unk,Unk,9999,45.82, ,42.22,-71.1099672228853,42.3956923888037
517,541,0,1,0, ,9/1/1977 12:00:00 AM,0,Active,Storm,TB-034,Somerv, , ,9999,Unk,Unk,9999,45.61, ,42.41,-71.1098713430299,42.3956591969932
518,542,0,1,0, ,11/1/1977 12:00:00 AM,0,Proposed,Storm,TB-035,Somerv, , ,9999,Unk,Unk,9999,9999, ,9999,-71.1256065859505,42.3954272659832
519,543,0,1,0, ,11/1/1977 12:00:00 AM,0,Proposed,Storm,TB-035,Somerv, , ,9999,Unk,Unk,9999,9999, ,9999,-71.125493810839,42.395369731061
520,544,0,1,0, ,9/9/9999 12:00:00 AM,0,Abandoned,Storm,TB-035,Somerv, , ,9999,Unk,Unk,9999,9999, ,9999,-71.1253898005367,42.3955675726261
521,545,0,1,0, ,9/9/9999 12:00:00 AM,0,Abandoned,Storm,TB-035,Somerv, , ,9999,Unk,Unk,9999,9999, ,9999,-71.1253080334925,42.3954834622172
522,546,0,1,0, ,11/1/1977 12:00:00 AM,0,Proposed,Storm,TB-035,Somerv, , ,9999,Unk,Unk,9999,9999, ,9999,-71.1252298692739,42.3956585206074
523,547,0,1,0, ,11/1/1977 12:00:00 AM,0,Proposed,Storm,TB-035,Somerv, , ,9999,Unk,Unk,9999,9999, ,9999,-71.1251531507515,42.3955896691853
524,548,0,1,0, ,11/1/1977 12:00:00 AM,0,Proposed,Storm,TB-035,Somerv, , ,9999,Unk,Unk,9999,9999, ,9999,-71.1246622902221,42.395992053936
525,549,0,1,0, ,11/1/1977 12:00:00 AM,0,Active,Storm,TB-035,Somerv, , ,9999,Unk,Unk,9999,9999, ,9999,-71.1245906428492,42.395934652274
526,550,0,1,0, ,9/9/9999 12:00:00 AM,0,Active,Storm,TB-037,Somerv, , ,9999,Unk,Unk,9999,9999, ,9999,-71.112784708315,42.3939031667477
527,551,0,1,0, ,9/9/9999 12:00:00 AM,0,Active,Storm,TB-037,Somerv, , ,9999,Unk,Unk,9999,9999, ,9999,-71.1128500783454,42.3938340936881
528,552,0,1,0, ,9/9/9999 12:00:00 AM,0,Active,Storm,TB-037,Somerv, , ,9999,Unk,Unk,9999,9999, ,9999,-71.1140542141694,42.3942727755108
529,553,0,1,0, ,9/9/9999 12:00:00 AM,0,Active,Storm,TB-037,Somerv, , ,9999,Unk,Unk,9999,9999, ,9999,-71.114446445988,42.3944541663681
530,554,0,1,0, ,9/9/9999 12:00:00 AM,0,Active,Storm,TB-037,Somerv, , ,9999,Unk,Unk,9999,9999, ,9999,-71.114801232577,42.3944524993397
531,555,0,1,0, ,9/9/9999 12:00:00 AM,0,Active,Storm,TB-037,Somerv, , ,9999,Unk,Unk,9999,9999, ,9999,-71.1155212922922,42.3946264114277
532,556,0,1,0, ,9/9/9999 12:00:00 AM,0,Active,Storm,TB-037,Somerv, , ,9999,Unk,Unk,9999,9999, ,9999,-71.1162645799807,42.3947861012515
533,557,0,1,0, ,9/9/9999 12:00:00 AM,0,Active,Storm,TB-037,Somerv, , ,9999,Unk,Unk,9999,9999, ,9999,-71.1161595990344,42.3949286711004
534,558,0,1,0, ,9/9/9999 12:00:00 AM,0,Active,Storm,TB-038,Somerv, , ,9999,Unk,Unk,9999,9999, ,9999,-71.1046467402121,42.390486696334
535,559,0,1,0, ,5/1/1980 12:00:00 AM,0,Proposed,Storm,TB-038,Somerv, , ,9999,Unk,Unk,9999,9999, ,9999,-71.1046921417778,42.3904201519537
536,560,0,1,0, ,5/1/1980 12:00:00 AM,0,Proposed,Storm,TB-038,Somerv, , ,9999,Unk,Unk,9999,9999, ,9999,-71.1064695383941,42.3910765329343
537,561,0,1,0, ,5/1/1980 12:00:00 AM,0,Proposed,Storm,TB-038,Somerv, , ,9999,Unk,Unk,9999,9999, ,9999,-71.1064196181395,42.3911463914808
538,562,0,1,0, ,9/9/9999 12:00:00 AM,0,Active,Storm,TB-038,Somerv, , ,9999,Unk,Unk,9999,9999, ,9999,-71.1070524745554,42.3913819895994
539,563,0,1,0, ,9/9/9999 12:00:00 AM,0,Active,Storm,TB-038,Somerv, , ,9999,Unk,Unk,9999,9999, ,9999,-71.107115871709,42.3913155121374
540,564,0,1,0, ,9/9/9999 12:00:00 AM,0,Active,Storm,TB-039,Somerv, , ,9999,Unk,Unk,9999,9999, ,9999,-71.116689166791,42.3941638794594
541,565,0,1,0, ,9/9/9999 12:00:00 AM,0,Active,Storm,TB-039,Somerv, , ,9999,Unk,Unk,9999,9999, ,9999,-71.1163141638727,42.3949553570827
542,566,0,1,1, ,11/1/1939 12:00:00 AM,0,Active,Storm,PF-32,Somerv, , ,9999,Unk,Unk,9999,9999, ,9999,-71.123520063649,42.4045686156965
543,567,0,1,1, ,11/1/1939 12:00:00 AM,0,Active,Storm,PF-32,Somerv, , ,9999,Unk,Unk,9999,9999, ,9999,-71.1233113637812,42.4045535160284
544,568,0,1,1, ,9/9/9999 12:00:00 AM,0,Proposed,Storm,NA,Somerv, , ,9999,Unk,Unk,9999,9999,S.I.P. DRAWING,9999,-71.1230934180934,42.3957449833916
545,569,0,1,1, ,9/9/9999 12:00:00 AM,0,Active,Storm,I-93 PLAN,Somerv, , ,9999,Unk,Unk,9999,9999, ,9999,-71.0954712070409,42.3997687025826
546,571,0,1,1, ,9/9/9999 12:00:00 AM,0,Active,Storm,I-93 PLAN,Somerv, ,"AREA HAS CHANGED, SEE I-93 PLANS",9999,Unk,Unk,9999,9999, ,7.4,-71.0905484168713,42.3977010802401
547,572,0,1,1, ,9/9/9999 12:00:00 AM,0,Active,Storm,I-93 PLAN,Somerv, ,"AREA HAS CHANGED, SEE I-93 PLANS",9999,Unk,Unk,9999,9999, ,5.7,-71.0911472513106,42.3975331328476
548,574,0,1,1, ,9/9/9999 12:00:00 AM,0,Active,Storm,I-93 PLAN,Somerv, ,"AREA HAS CHANGED, SEE I-93 PLANS",9999,Unk,Unk,9999,9999, ,5.7,-71.091060613956,42.3974635063672
549,575,0,1,1, ,9/9/9999 12:00:00 AM,0,Active,Storm,I-93 PLAN,Somerv, ,"AREA HAS CHANGED, SEE I-93 PLANS",9999,Unk,Unk,9999,9999, ,9999,-71.0904466852692,42.397777655009
550,576,0,1,1, ,9/9/9999 12:00:00 AM,0,Active,Storm,I-93 PLAN,Somerv, ,"AREA HAS CHANGED, SEE I-93 PLANS",9999,Unk,Unk,9999,9999, ,5.3,-71.0906263442698,42.397825936415
551,577,0,1,1, ,3/1/1957 12:00:00 AM,0,Proposed,Storm,NA,Somerv, ,"DATA FROM SOMERVILLE HOUSING AUTHORITY, SHEET 7 OF 9",9999,Unk,Unk,9999,24.27, ,20.27,-71.0873136211997,42.3794057634715
552,578,0,1,1, ,3/1/1957 12:00:00 AM,0,Proposed,Storm,NA,Somerv, ,"DATA FROM SOMERVILLE HOUSING AUTHORITY, SHEET 7 OF 9",9999,Unk,Unk,9999,24.27, ,20.27,-71.0874482175225,42.3793488474621
553,579,0,1,1, ,3/1/1957 12:00:00 AM,0,Proposed,Storm,NA,Somerv, ,"DATA FROM SOMERVILLE HOUSING AUTHORITY, SHEET 7 OF 9",9999,Unk,Unk,9999,21.3, ,18,-71.087998983173,42.3801071261571
554,580,0,1,1, ,3/1/1957 12:00:00 AM,0,Proposed,Storm,NA,Somerv, ,"DATA FROM SOMERVILLE HOUSING AUTHORITY, SHEET 7 OF 9",9999,Unk,Unk,9999,21.3, ,17.3,-71.0880918921829,42.3800488629625
555,581,0,1,1, ,3/1/1957 12:00:00 AM,0,Proposed,Storm,NA,Somerv, ,"DATA FROM SOMERVILLE HOUSING AUTHORITY, SHEET 7 OF 9",9999,Unk,Unk,9999,18.8, ,15.3,-71.0885474509099,42.3805464294718
556,582,0,1,1, ,3/1/1957 12:00:00 AM,0,Proposed,Storm,NA,Somerv, ,"DATA FROM SOMERVILLE HOUSING AUTHORITY, SHEET 7 OF 9",9999,Unk,Unk,9999,18.9, ,15.5,-71.0884314746878,42.3805946044636
557,583,0,1,1, ,3/1/1957 12:00:00 AM,0,Proposed,Storm,NA,Somerv, ,"DATA FROM SOMERVILLE HOUSING AUTHORITY, SHEET 7 OF 9",9999,Unk,Unk,9999,15.5, ,11.5,-71.0865009279805,42.3778955996278
558,584,0,1,1, ,3/1/1957 12:00:00 AM,0,Proposed,Storm,NA,Somerv, ,"DATA FROM SOMERVILLE HOUSING AUTHORITY, SHEET 7 OF 9",9999,Unk,Unk,9999,14.8, ,9999,-71.0862409823025,42.3778517855719
559,585,0,1,1, ,3/1/1957 12:00:00 AM,0,Proposed,Storm,NA,Somerv, ,"DATA FROM SOMERVILLE HOUSING AUTHORITY, SHEET 7 OF 9",9999,Unk,Unk,9999,14.7, ,4.7,-71.0862744970512,42.3777375694857
560,586,0,1,1, ,3/1/1957 12:00:00 AM,0,Proposed,Storm,NA,Somerv, ,"DATA FROM SOMERVILLE HOUSING AUTHORITY, SHEET 7 OF 9",9999,Unk,Unk,9999,14.7, ,10.7,-71.0857983013898,42.3774054704717
561,587,0,1,1, ,3/1/1957 12:00:00 AM,0,Proposed,Storm,NA,Somerv, ,"DATA FROM SOMERVILLE HOUSING AUTHORITY, SHEET 7 OF 9",9999,Unk,Unk,9999,14.71, ,10.7,-71.0859169403375,42.3773430124171
562,588,0,1,1, ,3/1/1957 12:00:00 AM,0,Proposed,Storm,NA,Somerv, ,"DATA FROM SOMERVILLE HOUSING AUTHORITY, SHEET 7 OF 9",9999,Unk,Unk,9999,15.98, ,12,-71.085307221794,42.3768763763571
563,589,0,1,1, ,3/1/1957 12:00:00 AM,0,Proposed,Storm,NA,Somerv, ,"DATA FROM SOMERVILLE HOUSING AUTHORITY, SHEET 7 OF 9",9999,Unk,Unk,9999,16.12, ,12.12,-71.0853596881271,42.3767505774947
564,590,0,1,1, ,3/1/1957 12:00:00 AM,0,Proposed,Storm,NA,Somerv, ,"DATA FROM SOMERVILLE HOUSING AUTHORITY, SHEET 7 OF 9",9999,Unk,Unk,9999,15.9, ,11.9,-71.0844323676802,42.3759493586249
565,591,0,1,1, ,3/1/1957 12:00:00 AM,0,Proposed,Storm,NA,Somerv, ,"DATA FROM SOMERVILLE HOUSING AUTHORITY, SHEET 7 OF 9",9999,Unk,Unk,9999,15.8, ,11.9,-71.084559485875,42.3758918683956
566,592,0,1,1, ,3/1/1957 12:00:00 AM,0,Proposed,Storm,NA,Somerv, ,DATA FROM SOMERVILLE HOUSING AUTHORITY,9999,Unk,Unk,9999,9999, ,9999,-71.0885382020251,42.3789607097149
567,593,0,1,1, ,3/1/1957 12:00:00 AM,0,Proposed,Storm,NA,Somerv, ,DATA FROM SOMERVILLE HOUSING AUTHORITY,9999,Unk,Unk,9999,9999, ,9999,-71.0884088281807,42.3789743437457
568,594,0,1,1, ,3/1/1957 12:00:00 AM,0,Proposed,Storm,NA,Somerv, ,DATA FROM SOMERVILLE HOUSING AUTHORITY,9999,Unk,Unk,9999,9999, ,9999,-71.0881694962074,42.378727644391
569,595,0,1,1, ,3/1/1957 12:00:00 AM,0,Proposed,Storm,NA,Somerv, ,DATA FROM SOMERVILLE HOUSING AUTHORITY,9999,Unk,Unk,9999,9999, ,9999,-71.0881876027768,42.3785963757781
570,596,0,1,1, ,3/1/1957 12:00:00 AM,0,Proposed,Storm,NA,Somerv, ,DATA FROM SOMERVILLE HOUSING AUTHORITY,9999,Unk,Unk,9999,9999, ,9999,-71.0871356605131,42.3776403146404
571,597,0,1,1, ,3/1/1957 12:00:00 AM,0,Proposed,Storm,NA,Somerv, ,DATA FROM SOMERVILLE HOUSING AUTHORITY,9999,Unk,Unk,9999,9999, ,9999,-71.0872201693993,42.3773711138042
572,598,0,1,1, ,3/1/1957 12:00:00 AM,0,Proposed,Storm,NA,Somerv, ,DATA FROM SOMERVILLE HOUSING AUTHORITY,9999,Unk,Unk,9999,9999, ,9999,-71.0873102171194,42.3774557553279
573,599,0,1,1, ,3/1/1957 12:00:00 AM,0,Proposed,Storm,NA,Somerv, ,DATA FROM SOMERVILLE HOUSING AUTHORITY,9999,Unk,Unk,9999,9999, ,9999,-71.0869115988729,42.3773957287474
574,600,0,1,1, ,3/1/1957 12:00:00 AM,0,Proposed,Storm,NA,Somerv, ,DATA FROM SOMERVILLE HOUSING AUTHORITY,9999,Unk,Unk,9999,9999, ,9999,-71.0869987387242,42.3773345840776
575,601,0,1,1, ,3/1/1957 12:00:00 AM,0,Proposed,Storm,NA,Somerv, ,DATA FROM SOMERVILLE HOUSING AUTHORITY,9999,Unk,Unk,9999,9999, ,9999,-71.0861420890007,42.376571173215
576,603,0,1,1, ,3/1/1957 12:00:00 AM,0,Proposed,Storm,NA,Somerv, ,DATA FROM SOMERVILLE HOUSING AUTHORITY,9999,Unk,Unk,9999,9999, ,9999,-71.0862368731703,42.3765200626702
577,604,0,1,1, ,3/1/1957 12:00:00 AM,0,Proposed,Storm,NA,Somerv, ,DATA FROM SOMERVILLE HOUSING AUTHORITY,9999,Unk,Unk,9999,9999, ,9999,-71.0856375993818,42.3759004877062
578,605,0,1,1, ,3/1/1957 12:00:00 AM,0,Proposed,Storm,NA,Somerv, ,DATA FROM SOMERVILLE HOUSING AUTHORITY,9999,Unk,Unk,9999,9999, ,9999,-71.0855410026805,42.3759344407318
579,606,0,1,1, ,9/9/9999 12:00:00 AM,0,Active,Storm,SEE COMMENTS,Somerv, ,MCGRATH HWY BRIDGE RECONSTRUCTION PLAN,9999,Unk,Unk,9999,9999, ,9999,-71.088178440345,42.3767375984288
580,607,0,1,1, ,9/9/9999 12:00:00 AM,0,Active,Storm,SEE COMMENTS,Somerv, ,MCGRATH HWY BRIDGE RECONSTRUCTION PLAN,9999,Unk,Unk,9999,9999, ,9999,-71.0883142965906,42.3767182582292
581,608,0,1,1, ,9/9/9999 12:00:00 AM,0,Active,Storm,SEE COMMENTS,Somerv, ,MCGRATH HWY BRIDGE RECONSTRUCTION PLAN,9999,Unk,Unk,9999,9999, ,9999,-71.0881128745686,42.37685782688
582,609,0,1,1, ,9/9/9999 12:00:00 AM,0,Active,Storm,SEE COMMENTS,Somerv, ,MCGRATH HWY BRIDGE RECONSTRUCTION PLAN,9999,Unk,Unk,9999,9999, ,9999,-71.0876571852407,42.3768616231891
583,610,0,1,1, ,9/9/9999 12:00:00 AM,0,Active,Storm,SEE COMMENTS,Somerv, ,MCGRATH HWY BRIDGE RECONSTRUCTION PLAN,9999,Unk,Unk,9999,9999, ,9999,-71.0877130047973,42.3767770054411
584,611,0,1,1, ,9/9/9999 12:00:00 AM,0,Active,Storm,SEE COMMENTS,Somerv, ,MCGRATH HWY BRIDGE RECONSTRUCTION PLAN,9999,Unk,Unk,9999,9999, ,9999,-71.0876321461846,42.376365007684
585,612,0,1,1, ,9/9/9999 12:00:00 AM,0,Active,Storm,SEE COMMENTS,Somerv, ,MCGRATH HWY BRIDGE RECONSTRUCTION PLAN,9999,Unk,Unk,9999,9999, ,9999,-71.0876607272455,42.3765156875259
586,613,0,1,1, ,9/9/9999 12:00:00 AM,0,Active,Storm,SEE COMMENTS,Somerv, ,MCGRATH HWY BRIDGE RECONSTRUCTION PLAN,9999,Unk,Unk,9999,9999, ,9999,-71.08761834234,42.376561961652
587,614,0,1,1, ,9/9/9999 12:00:00 AM,0,Active,Storm,SEE COMMENTS,Somerv, ,MCGRATH HWY BRIDGE RECONSTRUCTION PLAN,9999,Unk,Unk,9999,9999, ,9999,-71.087488098929,42.3764342967778
588,615,0,1,1, ,9/9/9999 12:00:00 AM,0,Active,Storm,SEE COMMENTS,Somerv, ,MCGRATH HWY BRIDGE RECONSTRUCTION PLAN,9999,Unk,Unk,9999,9999, ,9999,-71.0872071563873,42.3763050860118
589,616,0,1,1, ,9/9/9999 12:00:00 AM,0,Active,Storm,SEE COMMENTS,Somerv, ,MCGRATH HWY BRIDGE RECONSTRUCTION PLAN,9999,Unk,Unk,9999,9999, ,9999,-71.0865589893419,42.37579109861
590,617,0,1,1, ,9/9/9999 12:00:00 AM,0,Active,Storm,SEE COMMENTS,Somerv, ,MCGRATH HWY BRIDGE RECONSTRUCTION PLAN,9999,Unk,Unk,9999,9999, ,9999,-71.0869365799844,42.376119742129
591,618,0,1,1, ,9/9/9999 12:00:00 AM,0,Active,Storm,SEE COMMENTS,Somerv, ,MCGRATH HWY BRIDGE RECONSTRUCTION PLAN,9999,Unk,Unk,9999,9999, ,9999,-71.0869641958104,42.3760226551227
